route,digest,paper_common_70,host,variant,canonical_input,canonical_sha256,actual_input_name,actual_sha256,archived_input,availability,source
gapwxc-gth-one-center,053d252e4457117cde6b791ea1b292d848da0bc6,yes,rosi,production-default,benchmarks/dietGMTKN55/production-p25/gapwxc-gth-one-center/053d252e4457117cde6b791ea1b292d848da0bc6/input.inp,f9f01911a2e30f6d26f9c8afeee2db426e391a70bacb6f88ebe486cd7e99f7f6,input.inp,f9f01911a2e30f6d26f9c8afeee2db426e391a70bacb6f88ebe486cd7e99f7f6,benchmarks/dietGMTKN55/production-p25/accepted-inputs/gapwxc-gth-one-center/053d252e4457117cde6b791ea1b292d848da0bc6/input.inp,exact,hash-verified-original-execution
gapwxc-gth-one-center,08fab3d02b918e6d2460f05d048b7dc5babf1f73,yes,rosi,production-default,benchmarks/dietGMTKN55/production-p25/gapwxc-gth-one-center/08fab3d02b918e6d2460f05d048b7dc5babf1f73/input.inp,7e1e14df884b59a15518ec7e8a5c149cecc7b9c538abb015d97a8de3c6ab5279,input.inp,7e1e14df884b59a15518ec7e8a5c149cecc7b9c538abb015d97a8de3c6ab5279,benchmarks/dietGMTKN55/production-p25/accepted-inputs/gapwxc-gth-one-center/08fab3d02b918e6d2460f05d048b7dc5babf1f73/input.inp,exact,hash-verified-original-execution
gapwxc-gth-one-center,0c17607b97ab257b6f7951e919f1f90e69e31020,yes,rosi,production-default,benchmarks/dietGMTKN55/production-p25/gapwxc-gth-one-center/0c17607b97ab257b6f7951e919f1f90e69e31020/input.inp,128122de0f5af794fd30c005aa0c6fe0c0ed7b29072bc173abcdf172ae7d8315,input.inp,128122de0f5af794fd30c005aa0c6fe0c0ed7b29072bc173abcdf172ae7d8315,benchmarks/dietGMTKN55/production-p25/accepted-inputs/gapwxc-gth-one-center/0c17607b97ab257b6f7951e919f1f90e69e31020/input.inp,exact,hash-verified-original-execution
gapwxc-gth-one-center,0f03197fec0dc9007b036b064aee41ac211bbcff,yes,rosi,production-default,benchmarks/dietGMTKN55/production-p25/gapwxc-gth-one-center/0f03197fec0dc9007b036b064aee41ac211bbcff/input.inp,ef067fe6f19199a28c174cb5dbad4701a44407ea4fcf75f23359948a78316582,input.inp,ef067fe6f19199a28c174cb5dbad4701a44407ea4fcf75f23359948a78316582,benchmarks/dietGMTKN55/production-p25/accepted-inputs/gapwxc-gth-one-center/0f03197fec0dc9007b036b064aee41ac211bbcff/input.inp,exact,hash-verified-original-execution
gapwxc-gth-one-center,118202f023704920e2c278331937bf9573801016,yes,rosi,production-default,benchmarks/dietGMTKN55/production-p25/gapwxc-gth-one-center/118202f023704920e2c278331937bf9573801016/input.inp,328b344a32ec274d17eda1a2b93dfe46d90963fc084e0c8041c35c7a692febaf,input.inp,328b344a32ec274d17eda1a2b93dfe46d90963fc084e0c8041c35c7a692febaf,benchmarks/dietGMTKN55/production-p25/accepted-inputs/gapwxc-gth-one-center/118202f023704920e2c278331937bf9573801016/input.inp,exact,hash-verified-original-execution
gapwxc-gth-one-center,17748df2a4fce8ae29edeb5c18b5319d60279d1b,yes,rosi,production-default,benchmarks/dietGMTKN55/production-p25/gapwxc-gth-one-center/17748df2a4fce8ae29edeb5c18b5319d60279d1b/input.inp,ed13a7bfdb8a69ec9033fac1a2fadb253fd7784a75d9540eaba931903f5fbf8f,input.inp,ed13a7bfdb8a69ec9033fac1a2fadb253fd7784a75d9540eaba931903f5fbf8f,benchmarks/dietGMTKN55/production-p25/accepted-inputs/gapwxc-gth-one-center/17748df2a4fce8ae29edeb5c18b5319d60279d1b/input.inp,exact,hash-verified-original-execution
gapwxc-gth-one-center,18523213f9133ced8440d2c7b30dcb631edfce6f,yes,rosi,production-default,benchmarks/dietGMTKN55/production-p25/gapwxc-gth-one-center/18523213f9133ced8440d2c7b30dcb631edfce6f/input.inp,7f53a9f92b3d15fff686864d1fff6cfba62175e839f2e13e00aeed26a1c6e695,input.inp,7f53a9f92b3d15fff686864d1fff6cfba62175e839f2e13e00aeed26a1c6e695,benchmarks/dietGMTKN55/production-p25/accepted-inputs/gapwxc-gth-one-center/18523213f9133ced8440d2c7b30dcb631edfce6f/input.inp,exact,hash-verified-original-execution
gapwxc-gth-one-center,1e98e5428039d926bcd2f3279b449c25eb96ffbf,yes,rosi,production-default,benchmarks/dietGMTKN55/production-p25/gapwxc-gth-one-center/1e98e5428039d926bcd2f3279b449c25eb96ffbf/input.inp,ef0752d8dcccc7b8c0119639cb65a6c3ed068e101d4918aaacd564e9793e3a69,input.inp,ef0752d8dcccc7b8c0119639cb65a6c3ed068e101d4918aaacd564e9793e3a69,benchmarks/dietGMTKN55/production-p25/accepted-inputs/gapwxc-gth-one-center/1e98e5428039d926bcd2f3279b449c25eb96ffbf/input.inp,exact,hash-verified-original-execution
gapwxc-gth-one-center,201f3e4ae68c81514a7a6f7ac49fdc15588c08d6,yes,rosi,production-default,benchmarks/dietGMTKN55/production-p25/gapwxc-gth-one-center/201f3e4ae68c81514a7a6f7ac49fdc15588c08d6/input.inp,4d6eb7db86376d2061c5ec0118fcb83c70a9bda175f494b67b35885ebcb84801,input.inp,4d6eb7db86376d2061c5ec0118fcb83c70a9bda175f494b67b35885ebcb84801,benchmarks/dietGMTKN55/production-p25/accepted-inputs/gapwxc-gth-one-center/201f3e4ae68c81514a7a6f7ac49fdc15588c08d6/input.inp,exact,hash-verified-original-execution
gapwxc-gth-one-center,2cdae551874911a8df2b69cf0bb5556657afa4c8,yes,rosi,production-default,benchmarks/dietGMTKN55/production-p25/gapwxc-gth-one-center/2cdae551874911a8df2b69cf0bb5556657afa4c8/input.inp,9728ce1f4cc6a8fb2f4cfe8762b044cb17eb9750bc1052495f3f2cbcc8a2d2fa,input.inp,9728ce1f4cc6a8fb2f4cfe8762b044cb17eb9750bc1052495f3f2cbcc8a2d2fa,benchmarks/dietGMTKN55/production-p25/accepted-inputs/gapwxc-gth-one-center/2cdae551874911a8df2b69cf0bb5556657afa4c8/input.inp,exact,hash-verified-original-execution
gapwxc-gth-one-center,2d569978edf598265481ff3d976f1aa692b01741,yes,rosi,production-default,benchmarks/dietGMTKN55/production-p25/gapwxc-gth-one-center/2d569978edf598265481ff3d976f1aa692b01741/input.inp,aa193ce007971eda0172f47d7160a54a32c5e674e8d888063cbe655ccd0f3993,input.inp,aa193ce007971eda0172f47d7160a54a32c5e674e8d888063cbe655ccd0f3993,benchmarks/dietGMTKN55/production-p25/accepted-inputs/gapwxc-gth-one-center/2d569978edf598265481ff3d976f1aa692b01741/input.inp,exact,hash-verified-original-execution
gapwxc-gth-one-center,2f8ea2b3daa2857c783213cbcc3ade308b22b7e8,yes,rosi,production-default,benchmarks/dietGMTKN55/production-p25/gapwxc-gth-one-center/2f8ea2b3daa2857c783213cbcc3ade308b22b7e8/input.inp,e4714c010495e60715d280c2f3a5e35950099f54c1fff779d491bd8609b6b61e,input.inp,e4714c010495e60715d280c2f3a5e35950099f54c1fff779d491bd8609b6b61e,benchmarks/dietGMTKN55/production-p25/accepted-inputs/gapwxc-gth-one-center/2f8ea2b3daa2857c783213cbcc3ade308b22b7e8/input.inp,exact,hash-verified-original-execution
gapwxc-gth-one-center,3be8c690706b1617647bf4952e471f96a073f4fa,yes,rosi,production-default,benchmarks/dietGMTKN55/production-p25/gapwxc-gth-one-center/3be8c690706b1617647bf4952e471f96a073f4fa/input.inp,6df4b0bffcf12744d5b2e163031cf6a22b3a70ac4048ce011ed982baa28e2822,input.inp,6df4b0bffcf12744d5b2e163031cf6a22b3a70ac4048ce011ed982baa28e2822,benchmarks/dietGMTKN55/production-p25/accepted-inputs/gapwxc-gth-one-center/3be8c690706b1617647bf4952e471f96a073f4fa/input.inp,exact,hash-verified-original-execution
gapwxc-gth-one-center,3bf7d5be8bf6f174f37f0dbc6fe0fd1166e69062,yes,rosi,production-default,benchmarks/dietGMTKN55/production-p25/gapwxc-gth-one-center/3bf7d5be8bf6f174f37f0dbc6fe0fd1166e69062/input.inp,ca04551dcddacc1dd5944c41b6ccbac1db4ece04f9eb2c76714191b349eb9971,input.inp,ca04551dcddacc1dd5944c41b6ccbac1db4ece04f9eb2c76714191b349eb9971,benchmarks/dietGMTKN55/production-p25/accepted-inputs/gapwxc-gth-one-center/3bf7d5be8bf6f174f37f0dbc6fe0fd1166e69062/input.inp,exact,hash-verified-original-execution
gapwxc-gth-one-center,43839e748527c6a543705cad162fb161bc46aa6e,yes,rosi,production-default,benchmarks/dietGMTKN55/production-p25/gapwxc-gth-one-center/43839e748527c6a543705cad162fb161bc46aa6e/input.inp,e589ced0cf079c34feb18e90a33bcb97a776a0b22aeea3ec71632e827e388fa9,input.inp,e589ced0cf079c34feb18e90a33bcb97a776a0b22aeea3ec71632e827e388fa9,benchmarks/dietGMTKN55/production-p25/accepted-inputs/gapwxc-gth-one-center/43839e748527c6a543705cad162fb161bc46aa6e/input.inp,exact,hash-verified-original-execution
gapwxc-gth-one-center,47f8c0c5bc5c9ced9f13963745262bc0f3cdb452,yes,rosi,production-default,benchmarks/dietGMTKN55/production-p25/gapwxc-gth-one-center/47f8c0c5bc5c9ced9f13963745262bc0f3cdb452/input.inp,39fdaa8fcbb1230f3779aeae50ea370b864f227195192dad13b79a5cf5d0ce7a,input.inp,39fdaa8fcbb1230f3779aeae50ea370b864f227195192dad13b79a5cf5d0ce7a,benchmarks/dietGMTKN55/production-p25/accepted-inputs/gapwxc-gth-one-center/47f8c0c5bc5c9ced9f13963745262bc0f3cdb452/input.inp,exact,hash-verified-original-execution
gapwxc-gth-one-center,49f698d22649a82d23b29898a213f9f4ba3f9dde,yes,rosi,production-default,benchmarks/dietGMTKN55/production-p25/gapwxc-gth-one-center/49f698d22649a82d23b29898a213f9f4ba3f9dde/input.inp,7ba216004bf084d7c5d35819cec02436602357519052d23386ce21acd0175841,input.inp,7ba216004bf084d7c5d35819cec02436602357519052d23386ce21acd0175841,benchmarks/dietGMTKN55/production-p25/accepted-inputs/gapwxc-gth-one-center/49f698d22649a82d23b29898a213f9f4ba3f9dde/input.inp,exact,hash-verified-original-execution
gapwxc-gth-one-center,4a43a457f546895ce6043348836bb8a0876363c9,yes,rosi,production-default,benchmarks/dietGMTKN55/production-p25/gapwxc-gth-one-center/4a43a457f546895ce6043348836bb8a0876363c9/input.inp,76b44f34bfa6c802df7e619e47f9d880e79c93dbeb76c70e0be568956d1f9773,input.inp,76b44f34bfa6c802df7e619e47f9d880e79c93dbeb76c70e0be568956d1f9773,benchmarks/dietGMTKN55/production-p25/accepted-inputs/gapwxc-gth-one-center/4a43a457f546895ce6043348836bb8a0876363c9/input.inp,exact,hash-verified-original-execution
gapwxc-gth-one-center,54e53fe6dde3ae33d2a8a62722e1fd1850489a4c,yes,rosi,production-default,benchmarks/dietGMTKN55/production-p25/gapwxc-gth-one-center/54e53fe6dde3ae33d2a8a62722e1fd1850489a4c/input.inp,c5d8bc6e738e0f15f0ca007e730afee1a94c2f2176fa659b844fa4afaba0e568,input.inp,c5d8bc6e738e0f15f0ca007e730afee1a94c2f2176fa659b844fa4afaba0e568,benchmarks/dietGMTKN55/production-p25/accepted-inputs/gapwxc-gth-one-center/54e53fe6dde3ae33d2a8a62722e1fd1850489a4c/input.inp,exact,hash-verified-original-execution
gapwxc-gth-one-center,5ac14f70d70f7e7225c2c6d23d98d088c11c55e9,yes,rosi,production-default,benchmarks/dietGMTKN55/production-p25/gapwxc-gth-one-center/5ac14f70d70f7e7225c2c6d23d98d088c11c55e9/input.inp,91b280f9ec55c505c6721454a393a3ddebf337240a8a711a0604175c6366c615,input.inp,91b280f9ec55c505c6721454a393a3ddebf337240a8a711a0604175c6366c615,benchmarks/dietGMTKN55/production-p25/accepted-inputs/gapwxc-gth-one-center/5ac14f70d70f7e7225c2c6d23d98d088c11c55e9/input.inp,exact,hash-verified-original-execution
gapwxc-gth-one-center,5c4a1bf500867a61eed31dce1f709efb36cf3c7d,yes,rosi,production-default,benchmarks/dietGMTKN55/production-p25/gapwxc-gth-one-center/5c4a1bf500867a61eed31dce1f709efb36cf3c7d/input.inp,a88a79fa3c4de89a0fb375d5aaf5b77812a406fe2964a68375cf537c89b35c11,input.inp,a88a79fa3c4de89a0fb375d5aaf5b77812a406fe2964a68375cf537c89b35c11,benchmarks/dietGMTKN55/production-p25/accepted-inputs/gapwxc-gth-one-center/5c4a1bf500867a61eed31dce1f709efb36cf3c7d/input.inp,exact,hash-verified-original-execution
gapwxc-gth-one-center,63352184421ac4cc887e54e7d7186c2bd5684be3,yes,rosi,production-default,benchmarks/dietGMTKN55/production-p25/gapwxc-gth-one-center/63352184421ac4cc887e54e7d7186c2bd5684be3/input.inp,63a13a6795d2495598a1803e3e5ff2bd638b8f30d5dd70cf1e2c07b3e2052131,input.inp,63a13a6795d2495598a1803e3e5ff2bd638b8f30d5dd70cf1e2c07b3e2052131,benchmarks/dietGMTKN55/production-p25/accepted-inputs/gapwxc-gth-one-center/63352184421ac4cc887e54e7d7186c2bd5684be3/input.inp,exact,hash-verified-original-execution
gapwxc-gth-one-center,6a266336364d8cb1322be6194dc3a480c2191876,yes,rosi,production-default,benchmarks/dietGMTKN55/production-p25/gapwxc-gth-one-center/6a266336364d8cb1322be6194dc3a480c2191876/input.inp,e518563ae648f91413421f80e7c6836e83c85ed49c78a79556c04bd662872d81,input.inp,e518563ae648f91413421f80e7c6836e83c85ed49c78a79556c04bd662872d81,benchmarks/dietGMTKN55/production-p25/accepted-inputs/gapwxc-gth-one-center/6a266336364d8cb1322be6194dc3a480c2191876/input.inp,exact,hash-verified-original-execution
gapwxc-gth-one-center,7787b7b0fd755fad7281db9619befa7bf6e6e9ca,yes,rosi,production-default,benchmarks/dietGMTKN55/production-p25/gapwxc-gth-one-center/7787b7b0fd755fad7281db9619befa7bf6e6e9ca/input.inp,ff85f2e49d15aa7e11b6e23b23ef05c5bf36c1e982ec1bd5c2e7fa5aba84aa89,input.inp,ff85f2e49d15aa7e11b6e23b23ef05c5bf36c1e982ec1bd5c2e7fa5aba84aa89,benchmarks/dietGMTKN55/production-p25/accepted-inputs/gapwxc-gth-one-center/7787b7b0fd755fad7281db9619befa7bf6e6e9ca/input.inp,exact,hash-verified-original-execution
gapwxc-gth-one-center,7e93dbfffe4ba246d187edf24f1cbbc3f674fc16,yes,rosi,production-default,benchmarks/dietGMTKN55/production-p25/gapwxc-gth-one-center/7e93dbfffe4ba246d187edf24f1cbbc3f674fc16/input.inp,98a7c62bd2aacc342311f58c394397785265825b35b0da3c92d5f992935736a8,input.inp,98a7c62bd2aacc342311f58c394397785265825b35b0da3c92d5f992935736a8,benchmarks/dietGMTKN55/production-p25/accepted-inputs/gapwxc-gth-one-center/7e93dbfffe4ba246d187edf24f1cbbc3f674fc16/input.inp,exact,hash-verified-original-execution
gapwxc-gth-one-center,80b1bafbbae87dfe8f6e058dce5c04d8858eb70e,yes,rosi,production-default,benchmarks/dietGMTKN55/production-p25/gapwxc-gth-one-center/80b1bafbbae87dfe8f6e058dce5c04d8858eb70e/input.inp,86e255a172aa98300299f75a097736adce42bbd9545c08ed98a1ced3b1cbd37b,input.inp,86e255a172aa98300299f75a097736adce42bbd9545c08ed98a1ced3b1cbd37b,benchmarks/dietGMTKN55/production-p25/accepted-inputs/gapwxc-gth-one-center/80b1bafbbae87dfe8f6e058dce5c04d8858eb70e/input.inp,exact,hash-verified-original-execution
gapwxc-gth-one-center,80eac91bb6f8713429b6adb4f0ee4c75ccbffbbb,yes,rosi,production-default,benchmarks/dietGMTKN55/production-p25/gapwxc-gth-one-center/80eac91bb6f8713429b6adb4f0ee4c75ccbffbbb/input.inp,90b897473b74197e5fe16a0ae6003dd9f0953a5e726dea45bd9bc807733b7f5f,input.inp,90b897473b74197e5fe16a0ae6003dd9f0953a5e726dea45bd9bc807733b7f5f,benchmarks/dietGMTKN55/production-p25/accepted-inputs/gapwxc-gth-one-center/80eac91bb6f8713429b6adb4f0ee4c75ccbffbbb/input.inp,exact,hash-verified-original-execution
gapwxc-gth-one-center,8371faef75851d86b583fdc537f7aebefac81bae,yes,rosi,production-default,benchmarks/dietGMTKN55/production-p25/gapwxc-gth-one-center/8371faef75851d86b583fdc537f7aebefac81bae/input.inp,6b1eae097010360b7658a933bb319d5ca3d55f1fd902c5fa22b4e5045ce96f39,input.inp,6b1eae097010360b7658a933bb319d5ca3d55f1fd902c5fa22b4e5045ce96f39,benchmarks/dietGMTKN55/production-p25/accepted-inputs/gapwxc-gth-one-center/8371faef75851d86b583fdc537f7aebefac81bae/input.inp,exact,hash-verified-original-execution
gapwxc-gth-one-center,864476718a744dd6ef56df9357e06e39d9302d61,yes,rosi,production-default,benchmarks/dietGMTKN55/production-p25/gapwxc-gth-one-center/864476718a744dd6ef56df9357e06e39d9302d61/input.inp,de20de2b720ba8b726b7d1abc5f4367150cc6f76d2011eed3a559c5d36adfac6,input.inp,de20de2b720ba8b726b7d1abc5f4367150cc6f76d2011eed3a559c5d36adfac6,benchmarks/dietGMTKN55/production-p25/accepted-inputs/gapwxc-gth-one-center/864476718a744dd6ef56df9357e06e39d9302d61/input.inp,exact,hash-verified-original-execution
gapwxc-gth-one-center,9f3fa0a6ed69ca855c6959a590d4311444d9ec29,yes,rosi,production-default,benchmarks/dietGMTKN55/production-p25/gapwxc-gth-one-center/9f3fa0a6ed69ca855c6959a590d4311444d9ec29/input.inp,30c43afab55dfb0746ecd2850ce2caaf24876b10f0810b6b05a9ed7cd796d923,input.inp,30c43afab55dfb0746ecd2850ce2caaf24876b10f0810b6b05a9ed7cd796d923,benchmarks/dietGMTKN55/production-p25/accepted-inputs/gapwxc-gth-one-center/9f3fa0a6ed69ca855c6959a590d4311444d9ec29/input.inp,exact,hash-verified-original-execution
gapwxc-gth-one-center,a725d64cf70c0fb4dbe91adbfeca7f971b363345,yes,rosi,production-default,benchmarks/dietGMTKN55/production-p25/gapwxc-gth-one-center/a725d64cf70c0fb4dbe91adbfeca7f971b363345/input.inp,8be02869f08f62527530e6e58f92d907eee960fea489ea6bd1cb825436aa7845,input.inp,8be02869f08f62527530e6e58f92d907eee960fea489ea6bd1cb825436aa7845,benchmarks/dietGMTKN55/production-p25/accepted-inputs/gapwxc-gth-one-center/a725d64cf70c0fb4dbe91adbfeca7f971b363345/input.inp,exact,hash-verified-original-execution
gapwxc-gth-one-center,a94eecb68741e476bc3be36838d7f06772b204b8,yes,rosi,production-default,benchmarks/dietGMTKN55/production-p25/gapwxc-gth-one-center/a94eecb68741e476bc3be36838d7f06772b204b8/input.inp,c32737127419086aa7d7d2083fbc4e998df28821da48fb51033fe040be9ab26b,input.inp,c32737127419086aa7d7d2083fbc4e998df28821da48fb51033fe040be9ab26b,benchmarks/dietGMTKN55/production-p25/accepted-inputs/gapwxc-gth-one-center/a94eecb68741e476bc3be36838d7f06772b204b8/input.inp,exact,hash-verified-original-execution
gapwxc-gth-one-center,aad2f181530bb027fc2a83fcabd9a608efe0bce4,yes,rosi,production-default,benchmarks/dietGMTKN55/production-p25/gapwxc-gth-one-center/aad2f181530bb027fc2a83fcabd9a608efe0bce4/input.inp,1d21a3a2fd23a0092a91a692216d6b40c6c93ee88d1ddb72d7106792cee7dd61,input.inp,1d21a3a2fd23a0092a91a692216d6b40c6c93ee88d1ddb72d7106792cee7dd61,benchmarks/dietGMTKN55/production-p25/accepted-inputs/gapwxc-gth-one-center/aad2f181530bb027fc2a83fcabd9a608efe0bce4/input.inp,exact,hash-verified-original-execution
gapwxc-gth-one-center,b2ce4f64b872966df0477799d122be7eb65d495d,yes,rosi,production-default,benchmarks/dietGMTKN55/production-p25/gapwxc-gth-one-center/b2ce4f64b872966df0477799d122be7eb65d495d/input.inp,b51d45f584ddca42e8c5190ffcec34f284865e867a32f9e039bb6a40407f25ac,input.inp,b51d45f584ddca42e8c5190ffcec34f284865e867a32f9e039bb6a40407f25ac,benchmarks/dietGMTKN55/production-p25/accepted-inputs/gapwxc-gth-one-center/b2ce4f64b872966df0477799d122be7eb65d495d/input.inp,exact,hash-verified-original-execution
gapwxc-gth-one-center,ba35f2d4baf684590e805dc4bca56bfe3a88629d,yes,rosi,production-default,benchmarks/dietGMTKN55/production-p25/gapwxc-gth-one-center/ba35f2d4baf684590e805dc4bca56bfe3a88629d/input.inp,7f23cd588f4b83b020eebdf036b9c2311d855f738953fc614148fb8399c22b66,input.inp,7f23cd588f4b83b020eebdf036b9c2311d855f738953fc614148fb8399c22b66,benchmarks/dietGMTKN55/production-p25/accepted-inputs/gapwxc-gth-one-center/ba35f2d4baf684590e805dc4bca56bfe3a88629d/input.inp,exact,hash-verified-original-execution
gapwxc-gth-one-center,c0a42a876d5926f916d912ab1353939a72adb1b3,yes,rosi,production-default,benchmarks/dietGMTKN55/production-p25/gapwxc-gth-one-center/c0a42a876d5926f916d912ab1353939a72adb1b3/input.inp,db940506bfe0e3ff922ea30fc532bb7ba71606731d57f4d2b60fb6f013cb7466,input.inp,db940506bfe0e3ff922ea30fc532bb7ba71606731d57f4d2b60fb6f013cb7466,benchmarks/dietGMTKN55/production-p25/accepted-inputs/gapwxc-gth-one-center/c0a42a876d5926f916d912ab1353939a72adb1b3/input.inp,exact,hash-verified-original-execution
gapwxc-gth-one-center,c3b0d87b540d1a68d95ba7de6d40b7e6ec6f6229,yes,rosi,production-default,benchmarks/dietGMTKN55/production-p25/gapwxc-gth-one-center/c3b0d87b540d1a68d95ba7de6d40b7e6ec6f6229/input.inp,4b60a1f20443ad8ebafd58b23a531044d44249081ad0463d0094327b8ed41f1a,input.inp,4b60a1f20443ad8ebafd58b23a531044d44249081ad0463d0094327b8ed41f1a,benchmarks/dietGMTKN55/production-p25/accepted-inputs/gapwxc-gth-one-center/c3b0d87b540d1a68d95ba7de6d40b7e6ec6f6229/input.inp,exact,hash-verified-original-execution
gapwxc-gth-one-center,c58f96ca83bd02459953a19999635c6eda23fbc4,yes,rosi,production-default,benchmarks/dietGMTKN55/production-p25/gapwxc-gth-one-center/c58f96ca83bd02459953a19999635c6eda23fbc4/input.inp,fda0d2198ad113cb4286716178f382b37bcde69988da7648ab4511d17a3b53f9,input.inp,fda0d2198ad113cb4286716178f382b37bcde69988da7648ab4511d17a3b53f9,benchmarks/dietGMTKN55/production-p25/accepted-inputs/gapwxc-gth-one-center/c58f96ca83bd02459953a19999635c6eda23fbc4/input.inp,exact,hash-verified-original-execution
gapwxc-gth-one-center,cc4b4538871e146b47063a895d5bf8a81671d96a,yes,rosi,production-default,benchmarks/dietGMTKN55/production-p25/gapwxc-gth-one-center/cc4b4538871e146b47063a895d5bf8a81671d96a/input.inp,51462c045694fec372affcfb89a9cab4a8a13d1193666f598097d38a1e2ee8ba,input.inp,51462c045694fec372affcfb89a9cab4a8a13d1193666f598097d38a1e2ee8ba,benchmarks/dietGMTKN55/production-p25/accepted-inputs/gapwxc-gth-one-center/cc4b4538871e146b47063a895d5bf8a81671d96a/input.inp,exact,hash-verified-original-execution
gapwxc-gth-one-center,e53514c3c97e5bf64b5f846a7ec6f04560d3679a,yes,rosi,production-default,benchmarks/dietGMTKN55/production-p25/gapwxc-gth-one-center/e53514c3c97e5bf64b5f846a7ec6f04560d3679a/input.inp,a2e3291f8f450a568dd5c80e02ac5eaf9cc0cd772196e3e208e3d5f32f9a4f99,input.inp,a2e3291f8f450a568dd5c80e02ac5eaf9cc0cd772196e3e208e3d5f32f9a4f99,benchmarks/dietGMTKN55/production-p25/accepted-inputs/gapwxc-gth-one-center/e53514c3c97e5bf64b5f846a7ec6f04560d3679a/input.inp,exact,hash-verified-original-execution
gapwxc-gth-one-center,f1c595ed08dec73d952feb2b47461aa6e6d8d178,yes,rosi,production-default,benchmarks/dietGMTKN55/production-p25/gapwxc-gth-one-center/f1c595ed08dec73d952feb2b47461aa6e6d8d178/input.inp,b901e1a527f39630d1a929e29d7251e177e92da58cf134cf3885efac13a49986,input.inp,b901e1a527f39630d1a929e29d7251e177e92da58cf134cf3885efac13a49986,benchmarks/dietGMTKN55/production-p25/accepted-inputs/gapwxc-gth-one-center/f1c595ed08dec73d952feb2b47461aa6e6d8d178/input.inp,exact,hash-verified-original-execution
gapwxc-gth-one-center,f387960cd95b83684a1d120457d607fabc843870,yes,rosi,production-default,benchmarks/dietGMTKN55/production-p25/gapwxc-gth-one-center/f387960cd95b83684a1d120457d607fabc843870/input.inp,577b6fc7b5817e17a72b736ec59ec22d4006ab8f93766d57e7b551359f3a78a6,input.inp,577b6fc7b5817e17a72b736ec59ec22d4006ab8f93766d57e7b551359f3a78a6,benchmarks/dietGMTKN55/production-p25/accepted-inputs/gapwxc-gth-one-center/f387960cd95b83684a1d120457d607fabc843870/input.inp,exact,hash-verified-original-execution
gapwxc-gth-one-center,f3998cad94adf5dd75c6e5e793ee0ac7914e9b9c,yes,rosi,production-default,benchmarks/dietGMTKN55/production-p25/gapwxc-gth-one-center/f3998cad94adf5dd75c6e5e793ee0ac7914e9b9c/input.inp,87b8d2d02ba2221e26a7d5965d60894ff858df13a004c38322d79a63f818f7db,input.inp,87b8d2d02ba2221e26a7d5965d60894ff858df13a004c38322d79a63f818f7db,benchmarks/dietGMTKN55/production-p25/accepted-inputs/gapwxc-gth-one-center/f3998cad94adf5dd75c6e5e793ee0ac7914e9b9c/input.inp,exact,hash-verified-original-execution
gapwxc-gth-one-center,fb3d986fc33651bbe6a902ea30a160fa670266eb,yes,rosi,production-default,benchmarks/dietGMTKN55/production-p25/gapwxc-gth-one-center/fb3d986fc33651bbe6a902ea30a160fa670266eb/input.inp,d3cc3461a32f63521b526ffd5995cc71b66e3c23019ec26516aee1b16f653ba6,input.inp,d3cc3461a32f63521b526ffd5995cc71b66e3c23019ec26516aee1b16f653ba6,benchmarks/dietGMTKN55/production-p25/accepted-inputs/gapwxc-gth-one-center/fb3d986fc33651bbe6a902ea30a160fa670266eb/input.inp,exact,hash-verified-original-execution
hybrid-direct-heavy,0530e9dc2c122968e5f4da5285d7a524c3567d9f,yes,rosi,production-default,benchmarks/dietGMTKN55/production-p25/hybrid-direct-heavy/0530e9dc2c122968e5f4da5285d7a524c3567d9f/input.inp,e49090e8fe7e6fa019998207a22c8683195181984d05fa68906c328f0078e82a,input.inp,e49090e8fe7e6fa019998207a22c8683195181984d05fa68906c328f0078e82a,benchmarks/dietGMTKN55/production-p25/accepted-inputs/hybrid-direct-heavy/0530e9dc2c122968e5f4da5285d7a524c3567d9f/input.inp,exact,hash-verified-original-execution
hybrid-direct-heavy,0baf9de9479b8276905c82d926f639d334a9c5da,yes,rosi,production-default,benchmarks/dietGMTKN55/production-p25/hybrid-direct-heavy/0baf9de9479b8276905c82d926f639d334a9c5da/input.inp,883fb71347b56b4afd32d2f6f9b63abfa5d7c497b758d7ffb86c7c4df8169a84,input.inp,883fb71347b56b4afd32d2f6f9b63abfa5d7c497b758d7ffb86c7c4df8169a84,benchmarks/dietGMTKN55/production-p25/accepted-inputs/hybrid-direct-heavy/0baf9de9479b8276905c82d926f639d334a9c5da/input.inp,exact,hash-verified-original-execution
hybrid-one-center-heavy,0530e9dc2c122968e5f4da5285d7a524c3567d9f,yes,rosi,production-default,benchmarks/dietGMTKN55/production-p25/hybrid-one-center-heavy/0530e9dc2c122968e5f4da5285d7a524c3567d9f/input.inp,e28495cea27cb7650168341e87892459e9ef31068c1f642d910141b335fbd57c,input.inp,e28495cea27cb7650168341e87892459e9ef31068c1f642d910141b335fbd57c,benchmarks/dietGMTKN55/production-p25/accepted-inputs/hybrid-one-center-heavy/0530e9dc2c122968e5f4da5285d7a524c3567d9f/input.inp,exact,hash-verified-original-execution
hybrid-one-center-heavy,0baf9de9479b8276905c82d926f639d334a9c5da,yes,rosi,production-default,benchmarks/dietGMTKN55/production-p25/hybrid-one-center-heavy/0baf9de9479b8276905c82d926f639d334a9c5da/input.inp,65a175e61433c38a5e147007ca7a4aa7b9e439573d2b94f504defbf6e8d7c182,input.inp,65a175e61433c38a5e147007ca7a4aa7b9e439573d2b94f504defbf6e8d7c182,benchmarks/dietGMTKN55/production-p25/accepted-inputs/hybrid-one-center-heavy/0baf9de9479b8276905c82d926f639d334a9c5da/input.inp,exact,hash-verified-original-execution
shared-gapw-ae,00333493a55a481e863241b5357e055f4054bb24,yes,rosi,production-default,benchmarks/dietGMTKN55/production-p25/shared-gapw-ae/00333493a55a481e863241b5357e055f4054bb24/input.inp,b3a313ba675f2a9a6aa86ebee2db21e07468621ae7a6ac406082e8cc10fd6fe5,input.cpu.inp,1ae7e13cebd093bbff44d1c3308d3fe6c91eae4b1e95c97ff2feee3a36758d39,benchmarks/dietGMTKN55/production-p25/accepted-inputs/shared-gapw-ae/00333493a55a481e863241b5357e055f4054bb24/input.cpu.inp,exact,hash-verified-original-execution
shared-gapw-ae,01f6f1691583cf2bf57ab1ea88c92322018b4dde,yes,rosi,production-default,benchmarks/dietGMTKN55/production-p25/shared-gapw-ae/01f6f1691583cf2bf57ab1ea88c92322018b4dde/input.inp,07d5ef629638b4bcb49962924df955cdf9de4a5755b595eaaba7dee8a728ba40,input.cpu.inp,40ebc35614a98b5e6dec17cef5b7e0346c50137afec5ca813e91683d8bfaff52,benchmarks/dietGMTKN55/production-p25/accepted-inputs/shared-gapw-ae/01f6f1691583cf2bf57ab1ea88c92322018b4dde/input.cpu.inp,exact,hash-verified-original-execution
shared-gapw-ae,02691b7f604e1f85ca698912104dfdf0724c5691,yes,rosi,production-default,benchmarks/dietGMTKN55/production-p25/shared-gapw-ae/02691b7f604e1f85ca698912104dfdf0724c5691/input.inp,7c310beffcf7421680b63185dbd7b001e0f38b43d0557f4a7277574183a1bd1e,input.cpu.inp,19388077f02303c70cde5dfb1d26c4f4a9e4de3e9f3a927da59b2bf6ca923891,benchmarks/dietGMTKN55/production-p25/accepted-inputs/shared-gapw-ae/02691b7f604e1f85ca698912104dfdf0724c5691/input.cpu.inp,exact,hash-verified-original-execution
shared-gapw-ae,0281f91ab5c4e8292ef61cb99f55e1efc9cb90d6,yes,rosi,production-default,benchmarks/dietGMTKN55/production-p25/shared-gapw-ae/0281f91ab5c4e8292ef61cb99f55e1efc9cb90d6/input.inp,f4121ade1567510c6dcd66c028e13adbf744de3523f2000d428b8296c23fd773,input.cpu.inp,91814a4dbcfe730701cffebbd8246f6f73f82e1fd01e9f5d11df61abd702fce9,benchmarks/dietGMTKN55/production-p25/accepted-inputs/shared-gapw-ae/0281f91ab5c4e8292ef61cb99f55e1efc9cb90d6/input.cpu.inp,exact,hash-verified-original-execution
shared-gapw-ae,0367553db31d820e3397cf573195e979e8a23842,yes,rosi,production-default,benchmarks/dietGMTKN55/production-p25/shared-gapw-ae/0367553db31d820e3397cf573195e979e8a23842/input.inp,ac1f666e27976dad34bf63458cff1e0f93bc3b4aa9430d75593f058c460803ef,input.cpu.inp,b1cd512ba0a3c9f1d7445fce8d75ad36d7254b76a6e725d87063dd4813780387,benchmarks/dietGMTKN55/production-p25/accepted-inputs/shared-gapw-ae/0367553db31d820e3397cf573195e979e8a23842/input.cpu.inp,exact,hash-verified-original-execution
shared-gapw-ae,053d252e4457117cde6b791ea1b292d848da0bc6,yes,rosi,production-default,benchmarks/dietGMTKN55/production-p25/shared-gapw-ae/053d252e4457117cde6b791ea1b292d848da0bc6/input.inp,b59d082392b294761cfcafdb71e606676ecf3cc585df673b492493c4254c4731,input.cpu.inp,e2211f15089a9bad2b9e638bc8e4f554d8ece199234ebf808e7ac92f2bb73bbc,benchmarks/dietGMTKN55/production-p25/accepted-inputs/shared-gapw-ae/053d252e4457117cde6b791ea1b292d848da0bc6/input.cpu.inp,exact,hash-verified-original-execution
shared-gapw-ae,08fab3d02b918e6d2460f05d048b7dc5babf1f73,yes,rosi,production-default,benchmarks/dietGMTKN55/production-p25/shared-gapw-ae/08fab3d02b918e6d2460f05d048b7dc5babf1f73/input.inp,88df27f96b1a4862e03c8b85e2f8860f41ef79c75ad60dd5a2d9c3f8a6c7e0ba,input.cpu.inp,270433315ad06749e76c0c483fb2c9e6612504939d4f5489bf6defa37557a8a4,benchmarks/dietGMTKN55/production-p25/accepted-inputs/shared-gapw-ae/08fab3d02b918e6d2460f05d048b7dc5babf1f73/input.cpu.inp,exact,hash-verified-original-execution
shared-gapw-ae,0c17607b97ab257b6f7951e919f1f90e69e31020,yes,rosi,production-default,benchmarks/dietGMTKN55/production-p25/shared-gapw-ae/0c17607b97ab257b6f7951e919f1f90e69e31020/input.inp,d3a2e3f781750b8a0c60c13a8250927ec3700f602c74fdddbdc4d125d376be0c,input.cpu.inp,a9e2e04bcd882d101664bcabb3072ecba5627326e15d9cae374fea7e729952ec,benchmarks/dietGMTKN55/production-p25/accepted-inputs/shared-gapw-ae/0c17607b97ab257b6f7951e919f1f90e69e31020/input.cpu.inp,exact,hash-verified-original-execution
shared-gapw-ae,0f03197fec0dc9007b036b064aee41ac211bbcff,yes,rosi,production-default,benchmarks/dietGMTKN55/production-p25/shared-gapw-ae/0f03197fec0dc9007b036b064aee41ac211bbcff/input.inp,09f7f0299beabc30aad35839fba02b9689f572c02d1883c9264abad3eebd43f6,input.cpu.inp,0a980b419371b04cf86a699d076be8546fc635df3e7c25a3bd022e438bcadd7c,benchmarks/dietGMTKN55/production-p25/accepted-inputs/shared-gapw-ae/0f03197fec0dc9007b036b064aee41ac211bbcff/input.cpu.inp,exact,hash-verified-original-execution
shared-gapw-ae,11779ff88d6df48af3086aa37cc4b17b3f90d139,yes,rosi,production-default,benchmarks/dietGMTKN55/production-p25/shared-gapw-ae/11779ff88d6df48af3086aa37cc4b17b3f90d139/input.inp,b8a1d31e07cf499d8b638c1f2fdc3f589ac7648c11004e3193c2d7215d9b69aa,input.cpu.inp,25ba55d472355bb8fafa9c96a8b419bac42935ebb5d49bb7aad89271b4bcebbc,benchmarks/dietGMTKN55/production-p25/accepted-inputs/shared-gapw-ae/11779ff88d6df48af3086aa37cc4b17b3f90d139/input.cpu.inp,exact,hash-verified-original-execution
shared-gapw-ae,118202f023704920e2c278331937bf9573801016,yes,rosi,production-default,benchmarks/dietGMTKN55/production-p25/shared-gapw-ae/118202f023704920e2c278331937bf9573801016/input.inp,9df26dc5f4c3940929595d7769e5d60a34f2ab4c8ae6b9f2b1cf1ca6b5522784,input.cpu.inp,9d64e241ff5df3f826340b49ac968338a993b97a3796e9c7515ea846885058d1,benchmarks/dietGMTKN55/production-p25/accepted-inputs/shared-gapw-ae/118202f023704920e2c278331937bf9573801016/input.cpu.inp,exact,hash-verified-original-execution
shared-gapw-ae,11c498e1486ad4e4b9852c773a940bbaa39fd209,yes,rosi,production-default,benchmarks/dietGMTKN55/production-p25/shared-gapw-ae/11c498e1486ad4e4b9852c773a940bbaa39fd209/input.inp,21edf6e33784711bdeb9e2e2d3b0c9699dcac9f6a966bd7e84f18cb970856b26,input.cpu.inp,80fa28c6e82e675878583ccf4140576da1a05c8a7ab667a988f6bf8788d2130c,benchmarks/dietGMTKN55/production-p25/accepted-inputs/shared-gapw-ae/11c498e1486ad4e4b9852c773a940bbaa39fd209/input.cpu.inp,exact,hash-verified-original-execution
shared-gapw-ae,135e34e684a41161eccc29e236b369093fceffcd,yes,rosi,production-default,benchmarks/dietGMTKN55/production-p25/shared-gapw-ae/135e34e684a41161eccc29e236b369093fceffcd/input.inp,d575fa0f529a91a21423118b98af4abbf11ac82e7b19b271a1908f587feb4d11,input.cpu.inp,6b9a28ad7f777f51d5aebe8325f3d6d403263e99dc5c15b4677c66907ec67150,benchmarks/dietGMTKN55/production-p25/accepted-inputs/shared-gapw-ae/135e34e684a41161eccc29e236b369093fceffcd/input.cpu.inp,exact,hash-verified-original-execution
shared-gapw-ae,14641cd6bddcceee4f43c1174e4e4e6d8a9327ed,yes,rosi,production-default,benchmarks/dietGMTKN55/production-p25/shared-gapw-ae/14641cd6bddcceee4f43c1174e4e4e6d8a9327ed/input.inp,2ebab1e896880b5b4e26609673fcd5c989112180d97d4dee2d5f6414483ee7b8,input.cpu.inp,feda945e84837fb860561b46632eb9c48f449f7a0aae5253b464cfeb985893bd,benchmarks/dietGMTKN55/production-p25/accepted-inputs/shared-gapw-ae/14641cd6bddcceee4f43c1174e4e4e6d8a9327ed/input.cpu.inp,exact,hash-verified-original-execution
shared-gapw-ae,15f02decc3f313284dac945c91fee816c5f794be,yes,rosi,production-default,benchmarks/dietGMTKN55/production-p25/shared-gapw-ae/15f02decc3f313284dac945c91fee816c5f794be/input.inp,a56d4305914456ff55c5f6d8c5368a1e787f63056ec173ee12da3321b50bdc1e,input.cpu.inp,286fdb6f8f653cd08bbec2ca111ca6c50ebf4011cc9c0c0b1d190b7d30079b4a,benchmarks/dietGMTKN55/production-p25/accepted-inputs/shared-gapw-ae/15f02decc3f313284dac945c91fee816c5f794be/input.cpu.inp,exact,hash-verified-original-execution
shared-gapw-ae,17748df2a4fce8ae29edeb5c18b5319d60279d1b,yes,rosi,production-default,benchmarks/dietGMTKN55/production-p25/shared-gapw-ae/17748df2a4fce8ae29edeb5c18b5319d60279d1b/input.inp,51fb19940ecce3aa5d3bf9a42a0f5633a97fe5c6b06a02683257c65f6ba381e3,input.cpu.inp,3696d0501ee643d24159ba3cc955fef37d9210ef29afcb14824e236f381c52c2,benchmarks/dietGMTKN55/production-p25/accepted-inputs/shared-gapw-ae/17748df2a4fce8ae29edeb5c18b5319d60279d1b/input.cpu.inp,exact,hash-verified-original-execution
shared-gapw-ae,17b142e759510636be3697cb6b5163474d65f866,yes,rosi,production-default,benchmarks/dietGMTKN55/production-p25/shared-gapw-ae/17b142e759510636be3697cb6b5163474d65f866/input.inp,6bb79e20ed580d925c3519011bcd12f74555510cafd4e50c534a2bc30666cddc,input.cpu.inp,68727b999ab8952f3879a690ceafefb4c2cc91adfc0caddf88240be3fb775fcc,benchmarks/dietGMTKN55/production-p25/accepted-inputs/shared-gapw-ae/17b142e759510636be3697cb6b5163474d65f866/input.cpu.inp,exact,hash-verified-original-execution
shared-gapw-ae,18523213f9133ced8440d2c7b30dcb631edfce6f,yes,rosi,production-default,benchmarks/dietGMTKN55/production-p25/shared-gapw-ae/18523213f9133ced8440d2c7b30dcb631edfce6f/input.inp,45406d8bfa9af5995e1fd6c67ec9267e63e9b63a278a7e39ab0f670b4ca9619a,input.cpu.inp,100f6ac823d2f96f33009c71c823b9b2bdc0fb6c76e202bc0dc7bee6c4ea4ed4,benchmarks/dietGMTKN55/production-p25/accepted-inputs/shared-gapw-ae/18523213f9133ced8440d2c7b30dcb631edfce6f/input.cpu.inp,exact,hash-verified-original-execution
shared-gapw-ae,189780f73db1c85a8b69d2208190f3b7476ac17d,yes,rosi,production-default,benchmarks/dietGMTKN55/production-p25/shared-gapw-ae/189780f73db1c85a8b69d2208190f3b7476ac17d/input.inp,9c15dd1814f8530a560b2ff664789f47f31759ed7585e37544e43119c119ed0f,input.cpu.inp,f7db59dc62942afb38d11aae40fefa8b938ea8cbe21712e78ca414fc8a893227,benchmarks/dietGMTKN55/production-p25/accepted-inputs/shared-gapw-ae/189780f73db1c85a8b69d2208190f3b7476ac17d/input.cpu.inp,exact,hash-verified-original-execution
shared-gapw-ae,191c805e603e7c8399fb3cafdfe960cdd59edb3e,yes,rosi,production-default,benchmarks/dietGMTKN55/production-p25/shared-gapw-ae/191c805e603e7c8399fb3cafdfe960cdd59edb3e/input.inp,9919de2d59c65c9c0c8af3bb5df7bc53ab5db0ce13e1b046315806d7f1fd80b4,input.cpu.inp,e44982f63a2055797cc2f3687dc1e1c197765888d36bf21328f94f86767bb80c,benchmarks/dietGMTKN55/production-p25/accepted-inputs/shared-gapw-ae/191c805e603e7c8399fb3cafdfe960cdd59edb3e/input.cpu.inp,exact,hash-verified-original-execution
shared-gapw-ae,1a4956f574431353b99ec57c7061439a7520f4aa,yes,rosi,production-default,benchmarks/dietGMTKN55/production-p25/shared-gapw-ae/1a4956f574431353b99ec57c7061439a7520f4aa/input.inp,7d704e714f3d3bd1989917c483e2d90b6b200fdc5ff132e26230d1b1b6feca54,input.cpu.inp,7526f7f5369dbdf7b991636943aea540746b38a1ac283a1e7d237b4b6b1a4261,benchmarks/dietGMTKN55/production-p25/accepted-inputs/shared-gapw-ae/1a4956f574431353b99ec57c7061439a7520f4aa/input.cpu.inp,exact,hash-verified-original-execution
shared-gapw-ae,1ba84d2e8e24eb3d2474ff5344fd5572a5e29d98,yes,rosi,production-default,benchmarks/dietGMTKN55/production-p25/shared-gapw-ae/1ba84d2e8e24eb3d2474ff5344fd5572a5e29d98/input.inp,77dd3a1ee69bf296a11407dbcf4ac76bb1b6989fa73a6111ed0d01a7e974b979,input.cpu.inp,ee92305212194d26b73fbb889720bd33a8c0ec5790296cb17a1491fdfb9598aa,benchmarks/dietGMTKN55/production-p25/accepted-inputs/shared-gapw-ae/1ba84d2e8e24eb3d2474ff5344fd5572a5e29d98/input.cpu.inp,exact,hash-verified-original-execution
shared-gapw-ae,1e98e5428039d926bcd2f3279b449c25eb96ffbf,yes,rosi,production-default,benchmarks/dietGMTKN55/production-p25/shared-gapw-ae/1e98e5428039d926bcd2f3279b449c25eb96ffbf/input.inp,efda5cc0ab5a3158d248721a356488e60aba7093d0dda6301d49371f9a4d936d,input.cpu.inp,6f0ed1781d8f59f77bc8d92e3071a54b8da40ca19292190604950c86b918768a,benchmarks/dietGMTKN55/production-p25/accepted-inputs/shared-gapw-ae/1e98e5428039d926bcd2f3279b449c25eb96ffbf/input.cpu.inp,exact,hash-verified-original-execution
shared-gapw-ae,201f3e4ae68c81514a7a6f7ac49fdc15588c08d6,yes,rosi,production-default,benchmarks/dietGMTKN55/production-p25/shared-gapw-ae/201f3e4ae68c81514a7a6f7ac49fdc15588c08d6/input.inp,f8218ca719d770986879138595aea507c77903ff03d25b468dcc46b4c6226fef,input.cpu.inp,15a299ad5a161242256c8007a909c1f45f881745e294661a1e734136f5043562,benchmarks/dietGMTKN55/production-p25/accepted-inputs/shared-gapw-ae/201f3e4ae68c81514a7a6f7ac49fdc15588c08d6/input.cpu.inp,exact,hash-verified-original-execution
shared-gapw-ae,203a52bb521920877256c0061ef54cff18be3a82,yes,rosi,production-default,benchmarks/dietGMTKN55/production-p25/shared-gapw-ae/203a52bb521920877256c0061ef54cff18be3a82/input.inp,01b0229e53327d925edfef700a1ffa60ab820d386d6af5f47ba3f15608b8bee5,input.cpu.inp,2ad51b143cfe122e31e58b2db60fa1204310bc41c94b0465bf732fb32c321092,benchmarks/dietGMTKN55/production-p25/accepted-inputs/shared-gapw-ae/203a52bb521920877256c0061ef54cff18be3a82/input.cpu.inp,exact,hash-verified-original-execution
shared-gapw-ae,2151c2305deffd59be77cc29782cccdf1af02ce5,yes,rosi,production-default,benchmarks/dietGMTKN55/production-p25/shared-gapw-ae/2151c2305deffd59be77cc29782cccdf1af02ce5/input.inp,e6aaa64296d2e605283a839b5b04bd28ad5b52e2e600811ab2d0d3d80955ae6b,input.cpu.inp,9dc03e970acffb20200fab82810fbe9c43c0828c3ea8bef156b8abe80b4f0c79,benchmarks/dietGMTKN55/production-p25/accepted-inputs/shared-gapw-ae/2151c2305deffd59be77cc29782cccdf1af02ce5/input.cpu.inp,exact,hash-verified-original-execution
shared-gapw-ae,23c21afd51af656dfc21c45a5fd9d158c6cfea77,yes,rosi,production-default,benchmarks/dietGMTKN55/production-p25/shared-gapw-ae/23c21afd51af656dfc21c45a5fd9d158c6cfea77/input.inp,96813993a799e2cb23ce271e7c2579b1a7e62a1c5016b49e0f3dc51367fe198a,input.cpu.inp,70c0f9887b8830b0dd640cf277a499b72fbc8c4d2d5142fb86633ba8131f2fba,benchmarks/dietGMTKN55/production-p25/accepted-inputs/shared-gapw-ae/23c21afd51af656dfc21c45a5fd9d158c6cfea77/input.cpu.inp,exact,hash-verified-original-execution
shared-gapw-ae,24426123c875445d526a5a025bb45206264f57d8,yes,rosi,production-default,benchmarks/dietGMTKN55/production-p25/shared-gapw-ae/24426123c875445d526a5a025bb45206264f57d8/input.inp,68489933f2421bebfd30c1f99ce4d26afc6f17d6c0a347e19697bc2175ca5671,input.cpu.inp,85789b2812981e5c4282f377ffd0d966a59fdeb686b99217a1c3080b9060c5c1,benchmarks/dietGMTKN55/production-p25/accepted-inputs/shared-gapw-ae/24426123c875445d526a5a025bb45206264f57d8/input.cpu.inp,exact,hash-verified-original-execution
shared-gapw-ae,2a021c86e3afb89152aff26754e4f5b2971a7ca4,yes,rosi,production-default,benchmarks/dietGMTKN55/production-p25/shared-gapw-ae/2a021c86e3afb89152aff26754e4f5b2971a7ca4/input.inp,e099e8cde648b0bca5e410581c64ab03f4d27f88b9b422dbcb318a1e63d00249,input.cpu.inp,8c044ee7d69064eb4fc01f34d8d6cdeee0c7e3d8c7e3f4ea80919233a97e8aa2,benchmarks/dietGMTKN55/production-p25/accepted-inputs/shared-gapw-ae/2a021c86e3afb89152aff26754e4f5b2971a7ca4/input.cpu.inp,exact,hash-verified-original-execution
shared-gapw-ae,2c1aa358634e83f4cc5c556da4418f5f4072cc19,yes,rosi,production-default,benchmarks/dietGMTKN55/production-p25/shared-gapw-ae/2c1aa358634e83f4cc5c556da4418f5f4072cc19/input.inp,a441c1e2ca206861d62369c293983b4596abf5ed1d5a661ca9ff83d69ccba571,input.cpu.inp,1900dfe7a5fe79cc1e86cd99d1b2107497632728fa724e1a3cd903cb93a40f07,benchmarks/dietGMTKN55/production-p25/accepted-inputs/shared-gapw-ae/2c1aa358634e83f4cc5c556da4418f5f4072cc19/input.cpu.inp,exact,hash-verified-original-execution
shared-gapw-ae,2cdae551874911a8df2b69cf0bb5556657afa4c8,yes,rosi,production-default,benchmarks/dietGMTKN55/production-p25/shared-gapw-ae/2cdae551874911a8df2b69cf0bb5556657afa4c8/input.inp,685c9599798b2b11d2628c1c5678d7b012d38d1569f6b7ebaf0ae2846fc92d10,input.cpu.inp,bae255f83f847fe5257d6118d51701edc63079532e400fc4e30ed20d2b39ea24,benchmarks/dietGMTKN55/production-p25/accepted-inputs/shared-gapw-ae/2cdae551874911a8df2b69cf0bb5556657afa4c8/input.cpu.inp,exact,hash-verified-original-execution
shared-gapw-ae,2d569978edf598265481ff3d976f1aa692b01741,yes,rosi,production-default,benchmarks/dietGMTKN55/production-p25/shared-gapw-ae/2d569978edf598265481ff3d976f1aa692b01741/input.inp,72cbcf3d9f307fa4e6a5680654f7a9b7c95e5606a39e54bf276b2b2c1cf8f955,input.cpu.inp,2b538c82bdaf90951e10c9e5971adc04d77fae1ae599b1c6ccd5cd0411536d13,benchmarks/dietGMTKN55/production-p25/accepted-inputs/shared-gapw-ae/2d569978edf598265481ff3d976f1aa692b01741/input.cpu.inp,exact,hash-verified-original-execution
shared-gapw-ae,2f4f855e3251762c1b915e3eaad24514a93209fd,yes,rosi,production-default,benchmarks/dietGMTKN55/production-p25/shared-gapw-ae/2f4f855e3251762c1b915e3eaad24514a93209fd/input.inp,afe9019e6ab7b8afad1761c0e9aedecdac8c8bd614d8fe90c6d3953125bcf67b,input.cpu.inp,f1820c6217e0f911f3a9e3480357143368f9676d64fb1e26be4da11a9ff8ec50,benchmarks/dietGMTKN55/production-p25/accepted-inputs/shared-gapw-ae/2f4f855e3251762c1b915e3eaad24514a93209fd/input.cpu.inp,exact,hash-verified-original-execution
shared-gapw-ae,2f8ea2b3daa2857c783213cbcc3ade308b22b7e8,yes,rosi,production-default,benchmarks/dietGMTKN55/production-p25/shared-gapw-ae/2f8ea2b3daa2857c783213cbcc3ade308b22b7e8/input.inp,03b488df68d12fa2f64ad7726085dda175065a49b75509c55562958a536f375f,input.cpu.inp,513a7244d6200f62cf0c87f5e66bd5d7684c43aaca7a102d81a18a9e4e2898e0,benchmarks/dietGMTKN55/production-p25/accepted-inputs/shared-gapw-ae/2f8ea2b3daa2857c783213cbcc3ade308b22b7e8/input.cpu.inp,exact,hash-verified-original-execution
shared-gapw-ae,31c8c54e1ec7ae583a5b293004eec5aacb18d039,yes,rosi,production-default,benchmarks/dietGMTKN55/production-p25/shared-gapw-ae/31c8c54e1ec7ae583a5b293004eec5aacb18d039/input.inp,a9f645573062cafad9596caba8b1addef81a482c9aec38e7b4cfe7ad6c56f645,input.cpu.inp,419b0d0e2d375eede1b2c0139788d6de084107767287e84ff92694923f134e6d,benchmarks/dietGMTKN55/production-p25/accepted-inputs/shared-gapw-ae/31c8c54e1ec7ae583a5b293004eec5aacb18d039/input.cpu.inp,exact,hash-verified-original-execution
shared-gapw-ae,33a11bce88b0ce1c6ac1f81fa176da9b8d68db02,yes,rosi,production-default,benchmarks/dietGMTKN55/production-p25/shared-gapw-ae/33a11bce88b0ce1c6ac1f81fa176da9b8d68db02/input.inp,80aa78ca0771e775b9da0025f08ff97f06ef88c7b8634838fd12bd604ba4d370,input.cpu.inp,6c4a738381aa0d122409aeece881939308fea3261e7cd491aba3ab45e8b5563c,benchmarks/dietGMTKN55/production-p25/accepted-inputs/shared-gapw-ae/33a11bce88b0ce1c6ac1f81fa176da9b8d68db02/input.cpu.inp,exact,hash-verified-original-execution
shared-gapw-ae,3a1bc965a5cdf0bb4c28dc9c54c639983ee02cd5,yes,rosi,production-default,benchmarks/dietGMTKN55/production-p25/shared-gapw-ae/3a1bc965a5cdf0bb4c28dc9c54c639983ee02cd5/input.inp,8221ef0370353478a55166487a82339a1496c73ffbda3b53d59d189f213bf2ea,input.cpu.inp,9497d8c2d9638a03d7a5c4cdc7e9113fc48ba81c91f9839d1976b7c8fd5bbbe2,benchmarks/dietGMTKN55/production-p25/accepted-inputs/shared-gapw-ae/3a1bc965a5cdf0bb4c28dc9c54c639983ee02cd5/input.cpu.inp,exact,hash-verified-original-execution
shared-gapw-ae,3b10710e8a987afedce3c6c950da9c2c72c86101,yes,rosi,production-default,benchmarks/dietGMTKN55/production-p25/shared-gapw-ae/3b10710e8a987afedce3c6c950da9c2c72c86101/input.inp,b7e665fc84fb8d8fe2b46ea409f1e427ae4da7681caa84bf78339b2859b28584,input.cpu.inp,e8eabe580f595094d099ab5f94900e451a332e53295128ebfb899ba4ac20af57,benchmarks/dietGMTKN55/production-p25/accepted-inputs/shared-gapw-ae/3b10710e8a987afedce3c6c950da9c2c72c86101/input.cpu.inp,exact,hash-verified-original-execution
shared-gapw-ae,3be8c690706b1617647bf4952e471f96a073f4fa,yes,rosi,production-default,benchmarks/dietGMTKN55/production-p25/shared-gapw-ae/3be8c690706b1617647bf4952e471f96a073f4fa/input.inp,9532db32fc3f65388a8634faf29e07cec1ed3cfee0143697189bc04dc5ffda99,input.cpu.inp,495904877b39b569c49fdc25d11cfea7097e34117b5bca29cf7594013c98a896,benchmarks/dietGMTKN55/production-p25/accepted-inputs/shared-gapw-ae/3be8c690706b1617647bf4952e471f96a073f4fa/input.cpu.inp,exact,hash-verified-original-execution
shared-gapw-ae,3bf7d5be8bf6f174f37f0dbc6fe0fd1166e69062,yes,rosi,production-default,benchmarks/dietGMTKN55/production-p25/shared-gapw-ae/3bf7d5be8bf6f174f37f0dbc6fe0fd1166e69062/input.inp,fa467e34558dd8cf331d8e703479990bcf84dfe4fb32fd7fe88e2b724cd2e675,input.cpu.inp,f845d493866c9a8efc5097c347818c456fea70b14b376b77d1b795c1da544bfa,benchmarks/dietGMTKN55/production-p25/accepted-inputs/shared-gapw-ae/3bf7d5be8bf6f174f37f0dbc6fe0fd1166e69062/input.cpu.inp,exact,hash-verified-original-execution
shared-gapw-ae,3c9e31450618a0b88af293e5a599bb65d0d20f7d,yes,rosi,production-default,benchmarks/dietGMTKN55/production-p25/shared-gapw-ae/3c9e31450618a0b88af293e5a599bb65d0d20f7d/input.inp,2bdea54f55e10910c615a09b967ed42a408813c5761b15e1a7fcd7daf433ab58,input.cpu.inp,6795af480d065ebfd9e5ddf04e0b010cd08d931a77d060cf907456e299b8203d,benchmarks/dietGMTKN55/production-p25/accepted-inputs/shared-gapw-ae/3c9e31450618a0b88af293e5a599bb65d0d20f7d/input.cpu.inp,exact,hash-verified-original-execution
shared-gapw-ae,3d6e3da9d1b1231e17bd1a737be8a59f969645b4,yes,rosi,production-default,benchmarks/dietGMTKN55/production-p25/shared-gapw-ae/3d6e3da9d1b1231e17bd1a737be8a59f969645b4/input.inp,014fe31c8aef25c0318c81d943154e98619c6f99fdc0e5412c11e0baf032d0de,input.cpu.inp,7f0bcc41ef765694a548d00b551c59d20dcff550bdce433ade0d58be40eb2bf3,benchmarks/dietGMTKN55/production-p25/accepted-inputs/shared-gapw-ae/3d6e3da9d1b1231e17bd1a737be8a59f969645b4/input.cpu.inp,exact,hash-verified-original-execution
shared-gapw-ae,3ee334e6448326d495fdde65506f87dfcd646117,yes,rosi,production-default,benchmarks/dietGMTKN55/production-p25/shared-gapw-ae/3ee334e6448326d495fdde65506f87dfcd646117/input.inp,1d7d74fc3b1731a926220e1ad9c6c37cbcb176d459e8dc2d87c1ac8c01725793,input.cpu.inp,a2d1eec56dfc02205a5627a7a3a5b4146a65b969314d9daf2d9ed91e0052bbc1,benchmarks/dietGMTKN55/production-p25/accepted-inputs/shared-gapw-ae/3ee334e6448326d495fdde65506f87dfcd646117/input.cpu.inp,exact,hash-verified-original-execution
shared-gapw-ae,435dcfec2baff1096f952206ad475f6f9b4242b2,yes,rosi,production-default,benchmarks/dietGMTKN55/production-p25/shared-gapw-ae/435dcfec2baff1096f952206ad475f6f9b4242b2/input.inp,283a6f70bcde7c7497b698086350dcf1a746bbabb6662230e93e031895a788a4,input.cpu.inp,6177a82bd2270e9257f292aea87e75d018651613e2389db80452d823c11255f7,benchmarks/dietGMTKN55/production-p25/accepted-inputs/shared-gapw-ae/435dcfec2baff1096f952206ad475f6f9b4242b2/input.cpu.inp,exact,hash-verified-original-execution
shared-gapw-ae,43839e748527c6a543705cad162fb161bc46aa6e,yes,rosi,production-default,benchmarks/dietGMTKN55/production-p25/shared-gapw-ae/43839e748527c6a543705cad162fb161bc46aa6e/input.inp,35411c97c75dbf9c5d4e98d06cbc7423e2438bee0a1c501fa0b7249cbbb68fe2,input.cpu.inp,e11f97cc4f2fcd2949c7c12f435cc64213e2f1db1d84f5f91f3b9deee33104b0,benchmarks/dietGMTKN55/production-p25/accepted-inputs/shared-gapw-ae/43839e748527c6a543705cad162fb161bc46aa6e/input.cpu.inp,exact,hash-verified-original-execution
shared-gapw-ae,43fb92b328a71580d851f682dc58e1ec45422a68,yes,rosi,production-default,benchmarks/dietGMTKN55/production-p25/shared-gapw-ae/43fb92b328a71580d851f682dc58e1ec45422a68/input.inp,66f6ade476d29d54ae5b88154b67511dc210508e26cf074bf96f160de189dbfc,input.cpu.inp,5bf00607d00e9d98b7b4753f392611a91741af6584bfa5357a9a4dde74f03bc4,benchmarks/dietGMTKN55/production-p25/accepted-inputs/shared-gapw-ae/43fb92b328a71580d851f682dc58e1ec45422a68/input.cpu.inp,exact,hash-verified-original-execution
shared-gapw-ae,45cd512ab8f52c8950ff049839ec228a7d888e86,yes,rosi,production-default,benchmarks/dietGMTKN55/production-p25/shared-gapw-ae/45cd512ab8f52c8950ff049839ec228a7d888e86/input.inp,bb0791a1beb5c11eb6e5923b581bd0b5c002fcf720ac17fe9342c0b69046c0c5,input.cpu.inp,96ab862cc78478a27bcb2ff21af97d2d7564b4eda1490ae2e569fcf3536bb04a,benchmarks/dietGMTKN55/production-p25/accepted-inputs/shared-gapw-ae/45cd512ab8f52c8950ff049839ec228a7d888e86/input.cpu.inp,exact,hash-verified-original-execution
shared-gapw-ae,47f8c0c5bc5c9ced9f13963745262bc0f3cdb452,yes,rosi,production-default,benchmarks/dietGMTKN55/production-p25/shared-gapw-ae/47f8c0c5bc5c9ced9f13963745262bc0f3cdb452/input.inp,13314b98994d63f5219dc3224c830a1738517306e21ac0335a36f2fd3d5a0811,input.cpu.inp,795abd22d45e57cf0c2a02ec2855e5711807df290763f561e87f00f2e88e9acd,benchmarks/dietGMTKN55/production-p25/accepted-inputs/shared-gapw-ae/47f8c0c5bc5c9ced9f13963745262bc0f3cdb452/input.cpu.inp,exact,hash-verified-original-execution
shared-gapw-ae,492141ab853497951d3dc4be6df0ce562967fd92,yes,rosi,production-default,benchmarks/dietGMTKN55/production-p25/shared-gapw-ae/492141ab853497951d3dc4be6df0ce562967fd92/input.inp,5d0bc26b78d6dbe9ee2be63ba79d11d95314ae2944a419a948178bdc3a920651,input.cpu.inp,9145ed44c3a6e31001e8125557d040c87fa85940feba32020f6fa5b48195b0c1,benchmarks/dietGMTKN55/production-p25/accepted-inputs/shared-gapw-ae/492141ab853497951d3dc4be6df0ce562967fd92/input.cpu.inp,exact,hash-verified-original-execution
shared-gapw-ae,49f698d22649a82d23b29898a213f9f4ba3f9dde,yes,rosi,production-default,benchmarks/dietGMTKN55/production-p25/shared-gapw-ae/49f698d22649a82d23b29898a213f9f4ba3f9dde/input.inp,ebec49f8a90be1dd981ea215264f7170e691cc33e33d7bf0f21a0c69830f11dd,input.cpu.inp,4e2cb73faa4f14128f2a8e15a1499a9ef642ca923c633e16a5f29d43c58eda35,benchmarks/dietGMTKN55/production-p25/accepted-inputs/shared-gapw-ae/49f698d22649a82d23b29898a213f9f4ba3f9dde/input.cpu.inp,exact,hash-verified-original-execution
shared-gapw-ae,4a43a457f546895ce6043348836bb8a0876363c9,yes,rosi,production-default,benchmarks/dietGMTKN55/production-p25/shared-gapw-ae/4a43a457f546895ce6043348836bb8a0876363c9/input.inp,6280de1653ec33c7b45776c05c927a1b22cb1c45213a36e29f34a93dccc64f5d,input.cpu.inp,229599015d09ccd9b41180cff84a90701302fa223e0f8b276aaeafa1e49077bf,benchmarks/dietGMTKN55/production-p25/accepted-inputs/shared-gapw-ae/4a43a457f546895ce6043348836bb8a0876363c9/input.cpu.inp,exact,hash-verified-original-execution
shared-gapw-ae,4fca1f48e246471fb5cac7d8c99ae54988fa3ae1,yes,rosi,production-default,benchmarks/dietGMTKN55/production-p25/shared-gapw-ae/4fca1f48e246471fb5cac7d8c99ae54988fa3ae1/input.inp,d87b36ddb5e483efef4c10e06ee70ee8752d737e36ec85a0ef1d06c14e8de654,input.cpu.inp,1f4a29856a200a954d25216f8855635f2fc4beb25f1e52f45fa1bca658dee56b,benchmarks/dietGMTKN55/production-p25/accepted-inputs/shared-gapw-ae/4fca1f48e246471fb5cac7d8c99ae54988fa3ae1/input.cpu.inp,exact,hash-verified-original-execution
shared-gapw-ae,512c204fbb415052dbcf3bca37cde209edb05c6c,yes,rosi,production-default,benchmarks/dietGMTKN55/production-p25/shared-gapw-ae/512c204fbb415052dbcf3bca37cde209edb05c6c/input.inp,0ee05d6acfb01b70cc3b42ecb1339ce69ad4d3e8b5ae3f3dabddab6b6308c8a3,input.cpu.inp,d5660625b7fdb6bb3cf171bdba158669e17442d128fe6452aff8e112d575cfe8,benchmarks/dietGMTKN55/production-p25/accepted-inputs/shared-gapw-ae/512c204fbb415052dbcf3bca37cde209edb05c6c/input.cpu.inp,exact,hash-verified-original-execution
shared-gapw-ae,53d4e0f05e308d8d91f9b62f060bc046b35ee60a,yes,rosi,production-default,benchmarks/dietGMTKN55/production-p25/shared-gapw-ae/53d4e0f05e308d8d91f9b62f060bc046b35ee60a/input.inp,a2228d83d5f81969f201f195839577266a999a76b90cd712c4ad82e4b977bfa7,input.cpu.inp,4bd28eb61bcdcdbbf68ada251b89ece0f61c3a3fa61f5f2888eaaa765c5e32ab,benchmarks/dietGMTKN55/production-p25/accepted-inputs/shared-gapw-ae/53d4e0f05e308d8d91f9b62f060bc046b35ee60a/input.cpu.inp,exact,hash-verified-original-execution
shared-gapw-ae,54e53fe6dde3ae33d2a8a62722e1fd1850489a4c,yes,rosi,production-default,benchmarks/dietGMTKN55/production-p25/shared-gapw-ae/54e53fe6dde3ae33d2a8a62722e1fd1850489a4c/input.inp,a44b66536c7efa66c13488a4586387ec32118e5b213e05912e34b5254fb4e502,input.cpu.inp,0312d0fe841cc3f747faef25f87c24331b9edfbbfaa80119c215346525607885,benchmarks/dietGMTKN55/production-p25/accepted-inputs/shared-gapw-ae/54e53fe6dde3ae33d2a8a62722e1fd1850489a4c/input.cpu.inp,exact,hash-verified-original-execution
shared-gapw-ae,55414141691fb9b7388d315c6029762b640e5b7a,yes,rosi,production-default,benchmarks/dietGMTKN55/production-p25/shared-gapw-ae/55414141691fb9b7388d315c6029762b640e5b7a/input.inp,aa4a5198155fc40eb91dc50505e00b4ef3b10b898bf7987bfda5e9ff9d37ce2c,input.cpu.inp,d40a13e2f64b049e806c2b75964b3ff8ac03321b3515cf0846e62be2504c7ad7,benchmarks/dietGMTKN55/production-p25/accepted-inputs/shared-gapw-ae/55414141691fb9b7388d315c6029762b640e5b7a/input.cpu.inp,exact,hash-verified-original-execution
shared-gapw-ae,5ac14f70d70f7e7225c2c6d23d98d088c11c55e9,yes,rosi,production-default,benchmarks/dietGMTKN55/production-p25/shared-gapw-ae/5ac14f70d70f7e7225c2c6d23d98d088c11c55e9/input.inp,f255b923c9b61715953b99c8b2cbc9b16cde9e39f7068ec34308e2e245efed09,input.cpu.inp,4475499b0d519bb5faaaaf037df8d3ccb148b90f390ac06735563326716335f9,benchmarks/dietGMTKN55/production-p25/accepted-inputs/shared-gapw-ae/5ac14f70d70f7e7225c2c6d23d98d088c11c55e9/input.cpu.inp,exact,hash-verified-original-execution
shared-gapw-ae,5c4a1bf500867a61eed31dce1f709efb36cf3c7d,yes,rosi,production-default,benchmarks/dietGMTKN55/production-p25/shared-gapw-ae/5c4a1bf500867a61eed31dce1f709efb36cf3c7d/input.inp,c96995772c564db5228817319836eb50ce6aa9f6d558c6c3b21913c41d3b92f8,input.cpu.inp,cb7d882da07a982c8da05bef125a0f4f6f86f5fb78b97da026532dd6b93a7bc6,benchmarks/dietGMTKN55/production-p25/accepted-inputs/shared-gapw-ae/5c4a1bf500867a61eed31dce1f709efb36cf3c7d/input.cpu.inp,exact,hash-verified-original-execution
shared-gapw-ae,5ee9c9c7f8aea92cbb1116a496f77c667cbd77eb,yes,rosi,production-default,benchmarks/dietGMTKN55/production-p25/shared-gapw-ae/5ee9c9c7f8aea92cbb1116a496f77c667cbd77eb/input.inp,a33bf54d9b1aac58b9341466425edd295479cce9151462f6a15a051ccc1b61c4,input.cpu.inp,0f81d507d47a7754a00ffe8a71b2e485ba0ba8a5136ccb227bc1b765320e6ba1,benchmarks/dietGMTKN55/production-p25/accepted-inputs/shared-gapw-ae/5ee9c9c7f8aea92cbb1116a496f77c667cbd77eb/input.cpu.inp,exact,hash-verified-original-execution
shared-gapw-ae,5f100197da40fa72fb2324e8112c4ecfd6741f96,yes,rosi,production-default,benchmarks/dietGMTKN55/production-p25/shared-gapw-ae/5f100197da40fa72fb2324e8112c4ecfd6741f96/input.inp,52c6017ea0feb587ae11b3154978b790dc5efa6aa26d7eb455658a664a8b5485,input.cpu.inp,82a03e68dc7b29fbc50f6c98dc14679bde4aff64d543436ed446aa2860f35159,benchmarks/dietGMTKN55/production-p25/accepted-inputs/shared-gapw-ae/5f100197da40fa72fb2324e8112c4ecfd6741f96/input.cpu.inp,exact,hash-verified-original-execution
shared-gapw-ae,5f7357571186a3960d758f7969a9dfa60688788e,yes,rosi,production-default,benchmarks/dietGMTKN55/production-p25/shared-gapw-ae/5f7357571186a3960d758f7969a9dfa60688788e/input.inp,0a1a8a814f2c1ac20df6c47fdfa06672ec08fa0f7f2bf67e4b0e88902aa7ee2e,input.cpu.inp,36bf6ddf52374093ac98b3fb6700cdb0a371a95d27e6e2f1ea9ca59f124f580f,benchmarks/dietGMTKN55/production-p25/accepted-inputs/shared-gapw-ae/5f7357571186a3960d758f7969a9dfa60688788e/input.cpu.inp,exact,hash-verified-original-execution
shared-gapw-ae,6007ed0531318684dce37c642e2f2aacbb6d349d,yes,rosi,production-default,benchmarks/dietGMTKN55/production-p25/shared-gapw-ae/6007ed0531318684dce37c642e2f2aacbb6d349d/input.inp,64b5056ddc8c04ce016a13835cdf5bcb75fb3cb744e3831add8888b48178aac4,input.cpu.inp,bc38b774061e562b74909dfd0c93dec84bdec3bb0d82b29f925e688321c26190,benchmarks/dietGMTKN55/production-p25/accepted-inputs/shared-gapw-ae/6007ed0531318684dce37c642e2f2aacbb6d349d/input.cpu.inp,exact,hash-verified-original-execution
shared-gapw-ae,60863b0cffca2154a830e6eff9c1d684603113dc,yes,rosi,production-default,benchmarks/dietGMTKN55/production-p25/shared-gapw-ae/60863b0cffca2154a830e6eff9c1d684603113dc/input.inp,c24900e0f3b8f32b7f01821717e4e9763dbdfd5642b775b6cf41305fa8040b1a,input.cpu.inp,b21f1d49a3765f5eee4ce14f3842f375558eacab6925c3f36388cc4484adafaa,benchmarks/dietGMTKN55/production-p25/accepted-inputs/shared-gapw-ae/60863b0cffca2154a830e6eff9c1d684603113dc/input.cpu.inp,exact,hash-verified-original-execution
shared-gapw-ae,621284d5f3ce70544411e26ed9009691ff4edf41,yes,rosi,production-default,benchmarks/dietGMTKN55/production-p25/shared-gapw-ae/621284d5f3ce70544411e26ed9009691ff4edf41/input.inp,4ac358727fc91cc00b45c23f80417d21590ee11747f02d6cd53169b2f3817bd1,input.cpu.inp,0a1795489d863dd6ed435fac2a7c05d2c6365bb3601d6dea4801040fa62ea0ad,benchmarks/dietGMTKN55/production-p25/accepted-inputs/shared-gapw-ae/621284d5f3ce70544411e26ed9009691ff4edf41/input.cpu.inp,exact,hash-verified-original-execution
shared-gapw-ae,621af83d7b3d093b4a76dde928dec390f192db8a,yes,rosi,production-default,benchmarks/dietGMTKN55/production-p25/shared-gapw-ae/621af83d7b3d093b4a76dde928dec390f192db8a/input.inp,c137cc9c71c4a10fad86a3985976591f4d29a474efbcc162afd0ba078267a050,input.cpu.inp,21bd92fe081f2dd15e1269b3967e96cfd616f128bfc6f5c76e9489f3b8741c6b,benchmarks/dietGMTKN55/production-p25/accepted-inputs/shared-gapw-ae/621af83d7b3d093b4a76dde928dec390f192db8a/input.cpu.inp,exact,hash-verified-original-execution
shared-gapw-ae,63352184421ac4cc887e54e7d7186c2bd5684be3,yes,rosi,production-default,benchmarks/dietGMTKN55/production-p25/shared-gapw-ae/63352184421ac4cc887e54e7d7186c2bd5684be3/input.inp,c11ea923115bf98ac7c48c93092962fd2b47f58206496eecd385e098c528f6d2,input.cpu.inp,6366c00119637c667d22c205e2a11ac0c43372a217a35ef6cbb5a4e90d9b5155,benchmarks/dietGMTKN55/production-p25/accepted-inputs/shared-gapw-ae/63352184421ac4cc887e54e7d7186c2bd5684be3/input.cpu.inp,exact,hash-verified-original-execution
shared-gapw-ae,63954fbc43c2714d4b2b24814f3a8574296f2100,yes,rosi,production-default,benchmarks/dietGMTKN55/production-p25/shared-gapw-ae/63954fbc43c2714d4b2b24814f3a8574296f2100/input.inp,7aaaa3fe86b17be4bdc08e13ab7bd161d8e2cf7f11336075265b5480d5df2f2b,input.cpu.inp,a0694f3a2ac0b58405c880337009b8cfb2e3905d4375637538ea6775ccf0a093,benchmarks/dietGMTKN55/production-p25/accepted-inputs/shared-gapw-ae/63954fbc43c2714d4b2b24814f3a8574296f2100/input.cpu.inp,exact,hash-verified-original-execution
shared-gapw-ae,63e08227400676f3802f4e6ed0135f9c4d6edd18,yes,rosi,production-default,benchmarks/dietGMTKN55/production-p25/shared-gapw-ae/63e08227400676f3802f4e6ed0135f9c4d6edd18/input.inp,04ca33bb3d9f697ff09738e720d86eb33125a260143b3013eb2a5e18f51ae333,input.cpu.inp,6268b7591928aaec113965cfa4360e688859e360742abba7c8c044273d4ba534,benchmarks/dietGMTKN55/production-p25/accepted-inputs/shared-gapw-ae/63e08227400676f3802f4e6ed0135f9c4d6edd18/input.cpu.inp,exact,hash-verified-original-execution
shared-gapw-ae,651ecc9ccbeca0cef67c03d2225ceda039f08159,yes,rosi,production-default,benchmarks/dietGMTKN55/production-p25/shared-gapw-ae/651ecc9ccbeca0cef67c03d2225ceda039f08159/input.inp,0edb770836072ece71ecb885ade07046a95a63350edbdb509f109a66c9aaad99,input.cpu.inp,262abece551e5689d35093d4079f66067556636f84cbc986a2f6e00786760830,benchmarks/dietGMTKN55/production-p25/accepted-inputs/shared-gapw-ae/651ecc9ccbeca0cef67c03d2225ceda039f08159/input.cpu.inp,exact,hash-verified-original-execution
shared-gapw-ae,679fa1c9908420bac3aae7972cb26904f86c251d,yes,rosi,production-default,benchmarks/dietGMTKN55/production-p25/shared-gapw-ae/679fa1c9908420bac3aae7972cb26904f86c251d/input.inp,ddff1f6e1ca1b96077c78068251a626cc725ce1ccd6aa41cfb75e16c498edec3,input.cpu.inp,608be571490558fb7fe23359340bdd3e4be61c9721f20797b7455caf49b0a5f7,benchmarks/dietGMTKN55/production-p25/accepted-inputs/shared-gapw-ae/679fa1c9908420bac3aae7972cb26904f86c251d/input.cpu.inp,exact,hash-verified-original-execution
shared-gapw-ae,69d762d2ca959b7c46daf3974c2f9eef7476ca6b,yes,rosi,production-default,benchmarks/dietGMTKN55/production-p25/shared-gapw-ae/69d762d2ca959b7c46daf3974c2f9eef7476ca6b/input.inp,19e83f9cc2cf6bea521bee2926e9c431d1126feed66d98d4f9b9cfb0a3c9448f,input.cpu.inp,63d14a2f305c2ffb3c89aaefdc9ef516a2254915986925526a6a5d230a4e5baa,benchmarks/dietGMTKN55/production-p25/accepted-inputs/shared-gapw-ae/69d762d2ca959b7c46daf3974c2f9eef7476ca6b/input.cpu.inp,exact,hash-verified-original-execution
shared-gapw-ae,6a266336364d8cb1322be6194dc3a480c2191876,yes,rosi,production-default,benchmarks/dietGMTKN55/production-p25/shared-gapw-ae/6a266336364d8cb1322be6194dc3a480c2191876/input.inp,23f0e74f8dca40a80d72ff543f4891498d22d9da274b4471fa10d99a2a1bcd00,input.cpu.inp,e7e332ef2e5b3df2d5a5b8e3b9ad475ed922d3408f67b034a1cbdaa4e913f8e6,benchmarks/dietGMTKN55/production-p25/accepted-inputs/shared-gapw-ae/6a266336364d8cb1322be6194dc3a480c2191876/input.cpu.inp,exact,hash-verified-original-execution
shared-gapw-ae,6ace469ff04ff0a629ea3f0b39eac6351affc280,yes,rosi,production-default,benchmarks/dietGMTKN55/production-p25/shared-gapw-ae/6ace469ff04ff0a629ea3f0b39eac6351affc280/input.inp,23ff9509ccdff1a99eddf260aea48d21389a09ba730d8475d935283a2734da2b,input.cpu.inp,510e248d23aa588b2f3bce7c15d3e0416e6bdc3cf2e01ca77195b9825135af56,benchmarks/dietGMTKN55/production-p25/accepted-inputs/shared-gapw-ae/6ace469ff04ff0a629ea3f0b39eac6351affc280/input.cpu.inp,exact,hash-verified-original-execution
shared-gapw-ae,6e91322ffb8f6b5866a1e8aff5982e4773bd0236,yes,rosi,production-default,benchmarks/dietGMTKN55/production-p25/shared-gapw-ae/6e91322ffb8f6b5866a1e8aff5982e4773bd0236/input.inp,2e0e1c375fdaa652d0411af49e724d8dc9aac737036327f8a3df760b5f591c51,input.cpu.inp,21968c99cfb2449b5c3e5df5cf42f21dc40efa51a730a27c1ab1184076258b87,benchmarks/dietGMTKN55/production-p25/accepted-inputs/shared-gapw-ae/6e91322ffb8f6b5866a1e8aff5982e4773bd0236/input.cpu.inp,exact,hash-verified-original-execution
shared-gapw-ae,6eb5837bd43096d172cfe0312c108734ef617766,yes,rosi,production-default,benchmarks/dietGMTKN55/production-p25/shared-gapw-ae/6eb5837bd43096d172cfe0312c108734ef617766/input.inp,4006974edea2247b496bfc2d170f9f5968edda22905c979de44b51c5e7b41df4,input.cpu.inp,8e6e7d734c22dfcd4868179877ce3e53428e86e113962b9f5dca653c2dac57ac,benchmarks/dietGMTKN55/production-p25/accepted-inputs/shared-gapw-ae/6eb5837bd43096d172cfe0312c108734ef617766/input.cpu.inp,exact,hash-verified-original-execution
shared-gapw-ae,708eebb526373add81392939cf0489b859b510ee,yes,rosi,production-default,benchmarks/dietGMTKN55/production-p25/shared-gapw-ae/708eebb526373add81392939cf0489b859b510ee/input.inp,251fb4d14f2a95102ed10ba156287addc13453f7581b61eefddecca2b0e06b20,input.cpu.inp,6c602615a625136ba849b55a20586a7413333d4edb56e9191eedc8ba88ce8b8c,benchmarks/dietGMTKN55/production-p25/accepted-inputs/shared-gapw-ae/708eebb526373add81392939cf0489b859b510ee/input.cpu.inp,exact,hash-verified-original-execution
shared-gapw-ae,708fa747c569e99cc639222823093a0efc951dba,yes,rosi,production-default,benchmarks/dietGMTKN55/production-p25/shared-gapw-ae/708fa747c569e99cc639222823093a0efc951dba/input.inp,04096714f678e4e97ac69830274a5863b64f156dac9d419f2c171d345a64c44a,input.cpu.inp,ef7276e44bb03ffc8ffdd111e336ceadaac44ed3402b8bf7d5401c40a736fdf8,benchmarks/dietGMTKN55/production-p25/accepted-inputs/shared-gapw-ae/708fa747c569e99cc639222823093a0efc951dba/input.cpu.inp,exact,hash-verified-original-execution
shared-gapw-ae,748837810dd0b2eb7e91127ebb7055c1f91be0a9,yes,rosi,production-default,benchmarks/dietGMTKN55/production-p25/shared-gapw-ae/748837810dd0b2eb7e91127ebb7055c1f91be0a9/input.inp,8acd455f271a007c8be41f64814a161e746760758a661aea34a1e317e01d2961,input.cpu.inp,3167d682a31c017dfc1e6f6109804cc05c4b2bacc2a6226f7895cb2d81e68ae0,benchmarks/dietGMTKN55/production-p25/accepted-inputs/shared-gapw-ae/748837810dd0b2eb7e91127ebb7055c1f91be0a9/input.cpu.inp,exact,hash-verified-original-execution
shared-gapw-ae,7670a98481c4e9c2cf2ba472db6d97169c1272fa,yes,rosi,production-default,benchmarks/dietGMTKN55/production-p25/shared-gapw-ae/7670a98481c4e9c2cf2ba472db6d97169c1272fa/input.inp,b6c059c4af1eff635e4706972114064bef0eeff4b99c382b14f4ba86d57550f1,input.cpu.inp,e10910fcf41796946a96e11e412530c213eba9c127cb7d7eb21fdc615be6deba,benchmarks/dietGMTKN55/production-p25/accepted-inputs/shared-gapw-ae/7670a98481c4e9c2cf2ba472db6d97169c1272fa/input.cpu.inp,exact,hash-verified-original-execution
shared-gapw-ae,768e0f05c8d058559c533f248d66f89ec38c5df4,yes,rosi,production-default,benchmarks/dietGMTKN55/production-p25/shared-gapw-ae/768e0f05c8d058559c533f248d66f89ec38c5df4/input.inp,4831b80a70941431ad7ff4d07be7ff8557c21df2e3477303d223671f3a74183c,input.cpu.inp,624a8ab25cf9d1b2bfc5b3afa37be93bc495646b55a3f29406ea200be31e0a74,benchmarks/dietGMTKN55/production-p25/accepted-inputs/shared-gapw-ae/768e0f05c8d058559c533f248d66f89ec38c5df4/input.cpu.inp,exact,hash-verified-original-execution
shared-gapw-ae,7787b7b0fd755fad7281db9619befa7bf6e6e9ca,yes,rosi,production-default,benchmarks/dietGMTKN55/production-p25/shared-gapw-ae/7787b7b0fd755fad7281db9619befa7bf6e6e9ca/input.inp,118cfd70f13f570e8e123c7c07f99bf6366c82e692c925223fefe96e018a8f81,input.cpu.inp,31db031f1ade6761987780a78d70cad57ecb1dbb81c681fa6f37508e31da1d2c,benchmarks/dietGMTKN55/production-p25/accepted-inputs/shared-gapw-ae/7787b7b0fd755fad7281db9619befa7bf6e6e9ca/input.cpu.inp,exact,hash-verified-original-execution
shared-gapw-ae,7850d278a8d368875bfea5134dcdafad62987a68,yes,rosi,production-default,benchmarks/dietGMTKN55/production-p25/shared-gapw-ae/7850d278a8d368875bfea5134dcdafad62987a68/input.inp,1dc51ed96b0b94e8ae7fe12de2100de02157acec1e7ab52179563d9a500319f3,input.cpu.inp,ed43822b65a18d90f0881effa1cc952a27e2eed18a6e3625424c04828e0b6687,benchmarks/dietGMTKN55/production-p25/accepted-inputs/shared-gapw-ae/7850d278a8d368875bfea5134dcdafad62987a68/input.cpu.inp,exact,hash-verified-original-execution
shared-gapw-ae,7863511123b310f3010d4eba2aa225486bc12a0f,yes,rosi,production-default,benchmarks/dietGMTKN55/production-p25/shared-gapw-ae/7863511123b310f3010d4eba2aa225486bc12a0f/input.inp,e45b88d8024cb95bc03363d0919f91dda7a6bd18a1cb307b68a890a9375ed917,input.cpu.inp,0aa5e186634a4739cc8564e701a216bd66eca254fe5e5e5f7f9c86fb6d3eb475,benchmarks/dietGMTKN55/production-p25/accepted-inputs/shared-gapw-ae/7863511123b310f3010d4eba2aa225486bc12a0f/input.cpu.inp,exact,hash-verified-original-execution
shared-gapw-ae,7a1098f5a417342f38da5fe3311bd9439699a5a5,yes,rosi,production-default,benchmarks/dietGMTKN55/production-p25/shared-gapw-ae/7a1098f5a417342f38da5fe3311bd9439699a5a5/input.inp,c4143f63bd04e9ae885997e7ad7eedf965a6985d9b5f03affd923bed072bf49e,input.cpu.inp,fcb60d304f16ce6a5be32305b043374441ee3afab4cc4f27a5bf03e5af0b7493,benchmarks/dietGMTKN55/production-p25/accepted-inputs/shared-gapw-ae/7a1098f5a417342f38da5fe3311bd9439699a5a5/input.cpu.inp,exact,hash-verified-original-execution
shared-gapw-ae,7e93dbfffe4ba246d187edf24f1cbbc3f674fc16,yes,rosi,production-default,benchmarks/dietGMTKN55/production-p25/shared-gapw-ae/7e93dbfffe4ba246d187edf24f1cbbc3f674fc16/input.inp,ff34e508b25fc98be6bca3e392e2f6fea13b28857fc51293be1ab5983bdf4b68,input.cpu.inp,37bead714d5b49ee5065c451f35c69d750f1460c275524fa35e119c863454253,benchmarks/dietGMTKN55/production-p25/accepted-inputs/shared-gapw-ae/7e93dbfffe4ba246d187edf24f1cbbc3f674fc16/input.cpu.inp,exact,hash-verified-original-execution
shared-gapw-ae,7ef43e51468bbc7f8a04dbec6c4b4eb0bc8313e5,yes,rosi,production-default,benchmarks/dietGMTKN55/production-p25/shared-gapw-ae/7ef43e51468bbc7f8a04dbec6c4b4eb0bc8313e5/input.inp,65787fae9b6d326c0a0ac9b293a8b82faa51ff2d3655c092389507652dbf10a7,input.cpu.inp,bca533ee2604952dea95ea9c9a41ce5c7ba514ee45899204bd1d045d4b71fc9d,benchmarks/dietGMTKN55/production-p25/accepted-inputs/shared-gapw-ae/7ef43e51468bbc7f8a04dbec6c4b4eb0bc8313e5/input.cpu.inp,exact,hash-verified-original-execution
shared-gapw-ae,80b1bafbbae87dfe8f6e058dce5c04d8858eb70e,yes,rosi,production-default,benchmarks/dietGMTKN55/production-p25/shared-gapw-ae/80b1bafbbae87dfe8f6e058dce5c04d8858eb70e/input.inp,c8efd5c08ac0f936d95ee048b176a057d08003f270594f6afbed09d6882408c5,input.cpu.inp,f95b551b9787c63076b027e5a560e1b9685d608f1b4ca4366704b848c3f33ed3,benchmarks/dietGMTKN55/production-p25/accepted-inputs/shared-gapw-ae/80b1bafbbae87dfe8f6e058dce5c04d8858eb70e/input.cpu.inp,exact,hash-verified-original-execution
shared-gapw-ae,80eac91bb6f8713429b6adb4f0ee4c75ccbffbbb,yes,rosi,production-default,benchmarks/dietGMTKN55/production-p25/shared-gapw-ae/80eac91bb6f8713429b6adb4f0ee4c75ccbffbbb/input.inp,d7c6065dbdf28dd78ade44ddd1695cefc6102118aa1d823ad18e7ccf4d6cabc8,input.cpu.inp,8f887e5dd18ff56459bc87288d5e3d562277e299c43be57f98a1c2d43541d153,benchmarks/dietGMTKN55/production-p25/accepted-inputs/shared-gapw-ae/80eac91bb6f8713429b6adb4f0ee4c75ccbffbbb/input.cpu.inp,exact,hash-verified-original-execution
shared-gapw-ae,81cdbbe3b47e3d71a7abb3bc85580b18eca4a63f,yes,rosi,production-default,benchmarks/dietGMTKN55/production-p25/shared-gapw-ae/81cdbbe3b47e3d71a7abb3bc85580b18eca4a63f/input.inp,c7ddb17fd1af4eff56b9d364f29f5af832a34e10432d254e21de9dd50dcd09c4,input.cpu.inp,c9be4702623778994fbd28b4ac09d55a0116b5c19e352d624d14411eddeaa49b,benchmarks/dietGMTKN55/production-p25/accepted-inputs/shared-gapw-ae/81cdbbe3b47e3d71a7abb3bc85580b18eca4a63f/input.cpu.inp,exact,hash-verified-original-execution
shared-gapw-ae,827c86c6054b11a34908826558815d4c97039dfc,yes,rosi,production-default,benchmarks/dietGMTKN55/production-p25/shared-gapw-ae/827c86c6054b11a34908826558815d4c97039dfc/input.inp,7b5e09c00996dc75831d1e3cbf06d3cc1d8046c6937d5045ae4d15da39b6348d,input.cpu.inp,9e341aedb361682a66d53da32ffd147d032cc3b02e887298d5294889baea1047,benchmarks/dietGMTKN55/production-p25/accepted-inputs/shared-gapw-ae/827c86c6054b11a34908826558815d4c97039dfc/input.cpu.inp,exact,hash-verified-original-execution
shared-gapw-ae,82ac7e589695617ece0a183bf49b244c8c4b4b95,yes,rosi,production-default,benchmarks/dietGMTKN55/production-p25/shared-gapw-ae/82ac7e589695617ece0a183bf49b244c8c4b4b95/input.inp,4ec0a8235449654554d027192c2203d414e7d11476b13db1653febc70c75ea4b,input.cpu.inp,b89d9371115f17d3e417224429d5d3664e1b9f81e44022be31d659eb4e66aa00,benchmarks/dietGMTKN55/production-p25/accepted-inputs/shared-gapw-ae/82ac7e589695617ece0a183bf49b244c8c4b4b95/input.cpu.inp,exact,hash-verified-original-execution
shared-gapw-ae,8371faef75851d86b583fdc537f7aebefac81bae,yes,rosi,production-default,benchmarks/dietGMTKN55/production-p25/shared-gapw-ae/8371faef75851d86b583fdc537f7aebefac81bae/input.inp,ca180fda74deea67a06c15020e4c2189eab8de60e417a15b3b18ab800a30e71a,input.cpu.inp,5b907e2f963fb67949bea7cf310478411e29c4a9d8dd6bf57fb6b8f4aab1a121,benchmarks/dietGMTKN55/production-p25/accepted-inputs/shared-gapw-ae/8371faef75851d86b583fdc537f7aebefac81bae/input.cpu.inp,exact,hash-verified-original-execution
shared-gapw-ae,83da159ee16fb489511bc50a76f6ea59b7e4fa48,yes,rosi,production-default,benchmarks/dietGMTKN55/production-p25/shared-gapw-ae/83da159ee16fb489511bc50a76f6ea59b7e4fa48/input.inp,73b0437f627507a07679bad361c192eadc83f4a1bc63b5ad0de3d4c460fa7f1a,input.cpu.inp,d2039430689563fe31ebdc1bb803218e9b34a425f5b5e6096c0335b2ccf69c76,benchmarks/dietGMTKN55/production-p25/accepted-inputs/shared-gapw-ae/83da159ee16fb489511bc50a76f6ea59b7e4fa48/input.cpu.inp,exact,hash-verified-original-execution
shared-gapw-ae,853d65c3d0bfdcf390e2024faaba158f079e3eec,yes,rosi,production-default,benchmarks/dietGMTKN55/production-p25/shared-gapw-ae/853d65c3d0bfdcf390e2024faaba158f079e3eec/input.inp,d67a72a26901c0a20f4139dd19abbd9d8cd118132acb304d980e189ded0f382a,input.cpu.inp,b3872cf5fdc128cccb3f0a6280489ff4d73f87a84d4e272f8b91d3ecba5fa089,benchmarks/dietGMTKN55/production-p25/accepted-inputs/shared-gapw-ae/853d65c3d0bfdcf390e2024faaba158f079e3eec/input.cpu.inp,exact,hash-verified-original-execution
shared-gapw-ae,864476718a744dd6ef56df9357e06e39d9302d61,yes,rosi,production-default,benchmarks/dietGMTKN55/production-p25/shared-gapw-ae/864476718a744dd6ef56df9357e06e39d9302d61/input.inp,ae22b4d502612f0710cff3a798d1d6d800190edd20e8223f0a613fdf5c055213,input.cpu.inp,4d8b9cc586b34b0654a396c0462b134ea3e1b8b32e3e8ee8d44d5ba81a96e3fc,benchmarks/dietGMTKN55/production-p25/accepted-inputs/shared-gapw-ae/864476718a744dd6ef56df9357e06e39d9302d61/input.cpu.inp,exact,hash-verified-original-execution
shared-gapw-ae,88277c6d3a8b3e4424011d06c3a39b788db77778,yes,rosi,production-default,benchmarks/dietGMTKN55/production-p25/shared-gapw-ae/88277c6d3a8b3e4424011d06c3a39b788db77778/input.inp,813880cfffb9462c847fa9b4fd1a84ff2365736516e9935eb1039a424e789d25,input.cpu.inp,bdc58e0c9a9011ccefdd17a19014ca3e247a2a60f3b3b775ec10bc54d1e48ecb,benchmarks/dietGMTKN55/production-p25/accepted-inputs/shared-gapw-ae/88277c6d3a8b3e4424011d06c3a39b788db77778/input.cpu.inp,exact,hash-verified-original-execution
shared-gapw-ae,90b1b6b6778f2fb658f77ece4e016bb2853bd50b,yes,rosi,production-default,benchmarks/dietGMTKN55/production-p25/shared-gapw-ae/90b1b6b6778f2fb658f77ece4e016bb2853bd50b/input.inp,dabf43800e5f194dc7d84ee0d8848a09b59394170426c04d9961bb9ffef29dc0,input.cpu.inp,e8d4e6a8d9d2acc74287d9b4842ea4d38d66e13b4991221a470a1b9d2c5fcad2,benchmarks/dietGMTKN55/production-p25/accepted-inputs/shared-gapw-ae/90b1b6b6778f2fb658f77ece4e016bb2853bd50b/input.cpu.inp,exact,hash-verified-original-execution
shared-gapw-ae,92eb753bd8b0ae7b2aa8c3ded064bb77f8762748,yes,rosi,production-default,benchmarks/dietGMTKN55/production-p25/shared-gapw-ae/92eb753bd8b0ae7b2aa8c3ded064bb77f8762748/input.inp,537ca0b10eedeaf53346045446874161c6dcce97913cfb160145d55ca4f0891e,input.cpu.inp,01964f89d86e0346e457ed76de800130ed83b39dedd782d29e68c493e6cd6c4d,benchmarks/dietGMTKN55/production-p25/accepted-inputs/shared-gapw-ae/92eb753bd8b0ae7b2aa8c3ded064bb77f8762748/input.cpu.inp,exact,hash-verified-original-execution
shared-gapw-ae,9465bd345ac96f1e593de38e9c171056e6e8c267,yes,rosi,production-default,benchmarks/dietGMTKN55/production-p25/shared-gapw-ae/9465bd345ac96f1e593de38e9c171056e6e8c267/input.inp,75ac9095940e10df88361c0585641906f340d957fe8c2fb5837ec5ef2fba6d12,input.cpu.inp,88e8b3b4f26b2eadd94c8a4faa76b784b6ebb2fbb812ec4bcb0a80a4b55ed2a9,benchmarks/dietGMTKN55/production-p25/accepted-inputs/shared-gapw-ae/9465bd345ac96f1e593de38e9c171056e6e8c267/input.cpu.inp,exact,hash-verified-original-execution
shared-gapw-ae,99a93a184770b8804dcff3b77948b4b18126fc3d,yes,rosi,production-default,benchmarks/dietGMTKN55/production-p25/shared-gapw-ae/99a93a184770b8804dcff3b77948b4b18126fc3d/input.inp,449b806b74b1fe819c71cbcb000726156bf02c559f690dc6d7636b11faecf56c,input.cpu.inp,532b87a32f0c45b37bc8c48e93ea4981c9b7b705ddf2914faffecd4be156f13f,benchmarks/dietGMTKN55/production-p25/accepted-inputs/shared-gapw-ae/99a93a184770b8804dcff3b77948b4b18126fc3d/input.cpu.inp,exact,hash-verified-original-execution
shared-gapw-ae,9dbbfd27dc4ab711c12f10245dde1b0933fee9a2,yes,rosi,production-default,benchmarks/dietGMTKN55/production-p25/shared-gapw-ae/9dbbfd27dc4ab711c12f10245dde1b0933fee9a2/input.inp,beffe7944ed4238057a0f254c18e168bec2242433ddfe83c70d829a49445aefa,input.cpu.inp,47e73ce8180c3048a232605a3755022fc57d0fad64523d197185b54ce955a801,benchmarks/dietGMTKN55/production-p25/accepted-inputs/shared-gapw-ae/9dbbfd27dc4ab711c12f10245dde1b0933fee9a2/input.cpu.inp,exact,hash-verified-original-execution
shared-gapw-ae,9f3fa0a6ed69ca855c6959a590d4311444d9ec29,yes,rosi,production-default,benchmarks/dietGMTKN55/production-p25/shared-gapw-ae/9f3fa0a6ed69ca855c6959a590d4311444d9ec29/input.inp,573ba89629cdcdadefc17215de43b5a8f71b8f7156e9b2f307173b85f05bbd82,input.cpu.inp,a419ff417ec41d42b7ee991edcf4b7d0e0386319881f21cbb4c7e7a476a48d87,benchmarks/dietGMTKN55/production-p25/accepted-inputs/shared-gapw-ae/9f3fa0a6ed69ca855c6959a590d4311444d9ec29/input.cpu.inp,exact,hash-verified-original-execution
shared-gapw-ae,a4311fb749e9e7e31b39d12c2a45961170a253a1,yes,rosi,production-default,benchmarks/dietGMTKN55/production-p25/shared-gapw-ae/a4311fb749e9e7e31b39d12c2a45961170a253a1/input.inp,c32177ceab44e506d09d9561acaf6e86172298a97c2c894bea93d9554716789a,input.cpu.inp,e3aa00141cf95cde6039d96af8fd852cd845c8045785926165984fa1c4efd7c1,benchmarks/dietGMTKN55/production-p25/accepted-inputs/shared-gapw-ae/a4311fb749e9e7e31b39d12c2a45961170a253a1/input.cpu.inp,exact,hash-verified-original-execution
shared-gapw-ae,a725d64cf70c0fb4dbe91adbfeca7f971b363345,yes,rosi,production-default,benchmarks/dietGMTKN55/production-p25/shared-gapw-ae/a725d64cf70c0fb4dbe91adbfeca7f971b363345/input.inp,7487d56aa54acc6295bd4727bfaef98f4687209dcfac93ff5ae0afc087c81253,input.cpu.inp,18360334983eda94533a0a64e9f82de40b509bbe38fe553f3e430ca69bd71955,benchmarks/dietGMTKN55/production-p25/accepted-inputs/shared-gapw-ae/a725d64cf70c0fb4dbe91adbfeca7f971b363345/input.cpu.inp,exact,hash-verified-original-execution
shared-gapw-ae,a7e2821cf5f9684bea0ab9801df6b1e25c584bfb,yes,rosi,production-default,benchmarks/dietGMTKN55/production-p25/shared-gapw-ae/a7e2821cf5f9684bea0ab9801df6b1e25c584bfb/input.inp,4a7ea12cec06652455c0e2c2b2b430abe214b281a3abd67b7efcd98bd204e747,input.cpu.inp,68e20e0d28cf480d31afc69e55d4f4d4d25322e22719c39cdd3e08906e6aba5d,benchmarks/dietGMTKN55/production-p25/accepted-inputs/shared-gapw-ae/a7e2821cf5f9684bea0ab9801df6b1e25c584bfb/input.cpu.inp,exact,hash-verified-original-execution
shared-gapw-ae,a88409979399d883da78a40a52125baa726310e0,yes,rosi,production-default,benchmarks/dietGMTKN55/production-p25/shared-gapw-ae/a88409979399d883da78a40a52125baa726310e0/input.inp,22f2b0bab4570cdd7381696952d4c53328d2d09bc7dbb88ba3a1a8f65150529c,input.cpu.inp,09639d4b300c6122b6ec72ad10eeed88ccd87263c7e6ea0ac362f29b06f331b3,benchmarks/dietGMTKN55/production-p25/accepted-inputs/shared-gapw-ae/a88409979399d883da78a40a52125baa726310e0/input.cpu.inp,exact,hash-verified-original-execution
shared-gapw-ae,a94eecb68741e476bc3be36838d7f06772b204b8,yes,rosi,production-default,benchmarks/dietGMTKN55/production-p25/shared-gapw-ae/a94eecb68741e476bc3be36838d7f06772b204b8/input.inp,5fa8b18459aba8dac8d9d8ddfded4fb5a593d888120be724c6ced1d0a7a0e9ad,input.cpu.inp,cb85c2d558b3161d42a9608254c2cf0338eb41d0629f47d6b8d166f52b2e219e,benchmarks/dietGMTKN55/production-p25/accepted-inputs/shared-gapw-ae/a94eecb68741e476bc3be36838d7f06772b204b8/input.cpu.inp,exact,hash-verified-original-execution
shared-gapw-ae,aad2f181530bb027fc2a83fcabd9a608efe0bce4,yes,rosi,production-default,benchmarks/dietGMTKN55/production-p25/shared-gapw-ae/aad2f181530bb027fc2a83fcabd9a608efe0bce4/input.inp,a58739950cd2a98a38751b8ff65d40a1a784052bf339c058427254ffe78d8127,input.cpu.inp,69214f245fd7e779db9d5e5d952a2b571bd2c7f850a0ab6b13d5b42df1d38e42,benchmarks/dietGMTKN55/production-p25/accepted-inputs/shared-gapw-ae/aad2f181530bb027fc2a83fcabd9a608efe0bce4/input.cpu.inp,exact,hash-verified-original-execution
shared-gapw-ae,ab9293770bb2f72584e212ffa648b9567da69388,yes,rosi,production-default,benchmarks/dietGMTKN55/production-p25/shared-gapw-ae/ab9293770bb2f72584e212ffa648b9567da69388/input.inp,f649c1804091fdc0bd6dc4f5958b1e12650ab258378cedb70dd085ae07ecb789,input.cpu.inp,efcf7f5f2b581b3f4fd51bd78833242891e4a4c0c5df6c8c5e39cb5245b73f9d,benchmarks/dietGMTKN55/production-p25/accepted-inputs/shared-gapw-ae/ab9293770bb2f72584e212ffa648b9567da69388/input.cpu.inp,exact,hash-verified-original-execution
shared-gapw-ae,b0baaec3defcc34c32e00aa368ef7d6f425898de,yes,rosi,production-default,benchmarks/dietGMTKN55/production-p25/shared-gapw-ae/b0baaec3defcc34c32e00aa368ef7d6f425898de/input.inp,cbf4f8899fc2be4c321e1e8e7109911bc80ff69a4295ab0d8e556166a3dbbe35,input.cpu.inp,929a480e30fd042a0f393de1db558fed7331d09476bb106fc10b1606ab3e4861,benchmarks/dietGMTKN55/production-p25/accepted-inputs/shared-gapw-ae/b0baaec3defcc34c32e00aa368ef7d6f425898de/input.cpu.inp,exact,hash-verified-original-execution
shared-gapw-ae,b2ce4f64b872966df0477799d122be7eb65d495d,yes,rosi,production-default,benchmarks/dietGMTKN55/production-p25/shared-gapw-ae/b2ce4f64b872966df0477799d122be7eb65d495d/input.inp,1fee262aa6ff8d4d3180eb8acd3a32ba3d43da8e1d51cd9a5c672f7e5ff94cf3,input.cpu.inp,f44b194db2dca28970dd259086bc24699cb2f37c9ce285d47631a2aef608f54c,benchmarks/dietGMTKN55/production-p25/accepted-inputs/shared-gapw-ae/b2ce4f64b872966df0477799d122be7eb65d495d/input.cpu.inp,exact,hash-verified-original-execution
shared-gapw-ae,b2e8baefa411a57e279734f1d9bf4e849d682871,yes,rosi,production-default,benchmarks/dietGMTKN55/production-p25/shared-gapw-ae/b2e8baefa411a57e279734f1d9bf4e849d682871/input.inp,0b772c44ee7813083313421dc3e9c87b103a7d0d73974a092550ef0aebfbec10,input.cpu.inp,4ba81c89bf4b5b5f839e734f9a9c717d1dfa54190abc78162762731dd2dc1704,benchmarks/dietGMTKN55/production-p25/accepted-inputs/shared-gapw-ae/b2e8baefa411a57e279734f1d9bf4e849d682871/input.cpu.inp,exact,hash-verified-original-execution
shared-gapw-ae,b3855c64e9f61158f5e449e2df7b79bf1fa599d7,yes,rosi,production-default,benchmarks/dietGMTKN55/production-p25/shared-gapw-ae/b3855c64e9f61158f5e449e2df7b79bf1fa599d7/input.inp,46e45e6e487e7a3f87597ba7c37a4a823ea69a005af1903577dbfdd3b28d47e3,input.cpu.inp,58a74d379994822a4e2a73493fc25de26c99f8ad501332bfadbe4af9a2b47ced,benchmarks/dietGMTKN55/production-p25/accepted-inputs/shared-gapw-ae/b3855c64e9f61158f5e449e2df7b79bf1fa599d7/input.cpu.inp,exact,hash-verified-original-execution
shared-gapw-ae,b9fd326ed53567233bdbfdddd9e222bbe4a5ddd9,yes,rosi,production-default,benchmarks/dietGMTKN55/production-p25/shared-gapw-ae/b9fd326ed53567233bdbfdddd9e222bbe4a5ddd9/input.inp,25b3ca24a3d6d0182e9b05a82bced76b724415d8ebbe0fda66d086bd7ce359fd,input.cpu.inp,a333130a7962affab3fe0615815c8476a838fcb6827f2ab4ccebef268cf333b5,benchmarks/dietGMTKN55/production-p25/accepted-inputs/shared-gapw-ae/b9fd326ed53567233bdbfdddd9e222bbe4a5ddd9/input.cpu.inp,exact,hash-verified-original-execution
shared-gapw-ae,ba35f2d4baf684590e805dc4bca56bfe3a88629d,yes,rosi,production-default,benchmarks/dietGMTKN55/production-p25/shared-gapw-ae/ba35f2d4baf684590e805dc4bca56bfe3a88629d/input.inp,7a85550ab850621ecbf1e874b650e0766a6d41385d35e99dc31a38cb7b5a4703,input.cpu.inp,69f4d8c1fd7aaca852a05c4b1f6ca37d434be069245043f3f530e50162f867a1,benchmarks/dietGMTKN55/production-p25/accepted-inputs/shared-gapw-ae/ba35f2d4baf684590e805dc4bca56bfe3a88629d/input.cpu.inp,exact,hash-verified-original-execution
shared-gapw-ae,c057e61d2d234c2afc4d54f39aa6a56272f50994,yes,rosi,production-default,benchmarks/dietGMTKN55/production-p25/shared-gapw-ae/c057e61d2d234c2afc4d54f39aa6a56272f50994/input.inp,8901b03799dd9a4b358db212b3aa143ea9a2e6facb50d895f661b388f5a475a1,input.cpu.inp,90606f182bb5aa80b2f4ccb80f9e0afbdb618fc1db225d72b3e7114e6193d9c9,benchmarks/dietGMTKN55/production-p25/accepted-inputs/shared-gapw-ae/c057e61d2d234c2afc4d54f39aa6a56272f50994/input.cpu.inp,exact,hash-verified-original-execution
shared-gapw-ae,c0a42a876d5926f916d912ab1353939a72adb1b3,yes,rosi,production-default,benchmarks/dietGMTKN55/production-p25/shared-gapw-ae/c0a42a876d5926f916d912ab1353939a72adb1b3/input.inp,a30ec62d3ec9606837f7bd11132384aa61d03d52a6623becf34b88e828c1f38b,input.cpu.inp,7cb15fe291f04519bf8da3bc72b28f1b9f9167556d66d2722e2bd88e13fca4c8,benchmarks/dietGMTKN55/production-p25/accepted-inputs/shared-gapw-ae/c0a42a876d5926f916d912ab1353939a72adb1b3/input.cpu.inp,exact,hash-verified-original-execution
shared-gapw-ae,c31a98614228b6fa1ca598d538f53f15edc1e7f2,yes,rosi,production-default,benchmarks/dietGMTKN55/production-p25/shared-gapw-ae/c31a98614228b6fa1ca598d538f53f15edc1e7f2/input.inp,9d6e5c94cc366d260b3d5140da9049e12e6a2ac74f91f3e4696f3bf8609f7a87,input.cpu.inp,e28cec4a3b65b4fcd8206c2b4e14dccc062751d29fbf33f29d82f1bdb996749e,benchmarks/dietGMTKN55/production-p25/accepted-inputs/shared-gapw-ae/c31a98614228b6fa1ca598d538f53f15edc1e7f2/input.cpu.inp,exact,hash-verified-original-execution
shared-gapw-ae,c3633f9e65350d139c6c3ad89da11a0c8c14e12d,yes,rosi,production-default,benchmarks/dietGMTKN55/production-p25/shared-gapw-ae/c3633f9e65350d139c6c3ad89da11a0c8c14e12d/input.inp,0e1285bef5c768b3da56512f84a5c2c4d42e1b6b4f739b6444c290577aaecee2,input.cpu.inp,09e79003188098a2498ff4e685cdad6ac4ef729d00a586832cb5f0eac29b7c1b,benchmarks/dietGMTKN55/production-p25/accepted-inputs/shared-gapw-ae/c3633f9e65350d139c6c3ad89da11a0c8c14e12d/input.cpu.inp,exact,hash-verified-original-execution
shared-gapw-ae,c3b0d87b540d1a68d95ba7de6d40b7e6ec6f6229,yes,rosi,production-default,benchmarks/dietGMTKN55/production-p25/shared-gapw-ae/c3b0d87b540d1a68d95ba7de6d40b7e6ec6f6229/input.inp,0a8a01bbfa94bc360be43d8ed0e094c21abce8ffb3877f1f4b970dfa85b6dd9a,input.cpu.inp,6d6953a6df847802dbc0c817a5a421c95e1fb5682e27fb6e5d2dcde236a6a425,benchmarks/dietGMTKN55/production-p25/accepted-inputs/shared-gapw-ae/c3b0d87b540d1a68d95ba7de6d40b7e6ec6f6229/input.cpu.inp,exact,hash-verified-original-execution
shared-gapw-ae,c438ecfbf67f51eca696e2fa7ba69dbeb4bb9477,yes,rosi,production-default,benchmarks/dietGMTKN55/production-p25/shared-gapw-ae/c438ecfbf67f51eca696e2fa7ba69dbeb4bb9477/input.inp,c69e6803b0cbaad183967b59827942376687a4305219685b13ccc2c5b0c73aca,input.cpu.inp,4f0065e9b42f7e81d30a4195b1e1512fb0b0dad6498ce1843922ed2531a1a0ec,benchmarks/dietGMTKN55/production-p25/accepted-inputs/shared-gapw-ae/c438ecfbf67f51eca696e2fa7ba69dbeb4bb9477/input.cpu.inp,exact,hash-verified-original-execution
shared-gapw-ae,c493f487fdbf38e9ef81bcdb348b7de9fc717cd6,yes,rosi,production-default,benchmarks/dietGMTKN55/production-p25/shared-gapw-ae/c493f487fdbf38e9ef81bcdb348b7de9fc717cd6/input.inp,3a31d4c35f67789d82fa8824e634e7fc63f6a3c372749a77b8a9ef6567e91c48,input.cpu.inp,25d4c38a5e912ee0ab2656f24c9ab2d7b5592a3f6aafb53214ceb57001564815,benchmarks/dietGMTKN55/production-p25/accepted-inputs/shared-gapw-ae/c493f487fdbf38e9ef81bcdb348b7de9fc717cd6/input.cpu.inp,exact,hash-verified-original-execution
shared-gapw-ae,c58f96ca83bd02459953a19999635c6eda23fbc4,yes,rosi,production-default,benchmarks/dietGMTKN55/production-p25/shared-gapw-ae/c58f96ca83bd02459953a19999635c6eda23fbc4/input.inp,9a1fea9f5fec2e7680478551ca06730eb663ad6e8cdc1f6b3d2474cdd52dd749,input.cpu.inp,0288f75c22db95a6d8a34f5bc3fd02f74550ea27c1c9b5a0d2f1a9fe2592fd13,benchmarks/dietGMTKN55/production-p25/accepted-inputs/shared-gapw-ae/c58f96ca83bd02459953a19999635c6eda23fbc4/input.cpu.inp,exact,hash-verified-original-execution
shared-gapw-ae,c5e3267205bc0da9842625ac1a35c2d4873a0b89,yes,rosi,production-default,benchmarks/dietGMTKN55/production-p25/shared-gapw-ae/c5e3267205bc0da9842625ac1a35c2d4873a0b89/input.inp,1cbfc9cacccc2d8f4f413459e474512b8fe81ddfa7857ac8e50ff87168c0fae5,input.cpu.inp,a2332a50c62f29bd59cb057ef6d2fab50da4bb392619ca9120d66a21368c9759,benchmarks/dietGMTKN55/production-p25/accepted-inputs/shared-gapw-ae/c5e3267205bc0da9842625ac1a35c2d4873a0b89/input.cpu.inp,exact,hash-verified-original-execution
shared-gapw-ae,c730d6eb2a60aab6406b851c4ff91e472792a473,yes,rosi,production-default,benchmarks/dietGMTKN55/production-p25/shared-gapw-ae/c730d6eb2a60aab6406b851c4ff91e472792a473/input.inp,ff59ceba7007bbe665181b2978563349b67a8136aee99b498fbf3858c2392893,input.cpu.inp,ec0336a02dbb4b88d30c184730b143ad5f6c0b0d94114488a04cfa6febcbac2d,benchmarks/dietGMTKN55/production-p25/accepted-inputs/shared-gapw-ae/c730d6eb2a60aab6406b851c4ff91e472792a473/input.cpu.inp,exact,hash-verified-original-execution
shared-gapw-ae,c8e5edfab7fc8e93fc4a4e661566e048772c8f34,yes,rosi,production-default,benchmarks/dietGMTKN55/production-p25/shared-gapw-ae/c8e5edfab7fc8e93fc4a4e661566e048772c8f34/input.inp,81b656bfb5ddddacddba438fa48c46a5e6266f05e963407081664c14b9485e2f,input.cpu.inp,6a1bde318c969f92171dc8ce1baf3d2ac43fea6d03299eeea955a4fdfb57b92c,benchmarks/dietGMTKN55/production-p25/accepted-inputs/shared-gapw-ae/c8e5edfab7fc8e93fc4a4e661566e048772c8f34/input.cpu.inp,exact,hash-verified-original-execution
shared-gapw-ae,cae8d4ef1c25ad4a871ee9af8721d855c34731ea,yes,rosi,production-default,benchmarks/dietGMTKN55/production-p25/shared-gapw-ae/cae8d4ef1c25ad4a871ee9af8721d855c34731ea/input.inp,32f90b5260af075d925710f6ff4bb1a6ad2050b538929e2fcbcddd23e76a64f8,input.cpu.inp,9d341f7d9b8e21effcaed445bab602df609c8d9002bd626c5f19e5bf8781f631,benchmarks/dietGMTKN55/production-p25/accepted-inputs/shared-gapw-ae/cae8d4ef1c25ad4a871ee9af8721d855c34731ea/input.cpu.inp,exact,hash-verified-original-execution
shared-gapw-ae,cb06d2a1d55acb75f8b039f41acbb3165684a9ef,yes,rosi,production-default,benchmarks/dietGMTKN55/production-p25/shared-gapw-ae/cb06d2a1d55acb75f8b039f41acbb3165684a9ef/input.inp,7b73774b61d4fa40ebeec54283cafb0abfe9c940ae6cb885c86e438ea3d717e3,input.cpu.inp,293355002eab2a3b77c8bcf629f0f4fcc86cd367056331b945327b358d072b57,benchmarks/dietGMTKN55/production-p25/accepted-inputs/shared-gapw-ae/cb06d2a1d55acb75f8b039f41acbb3165684a9ef/input.cpu.inp,exact,hash-verified-original-execution
shared-gapw-ae,cc4b4538871e146b47063a895d5bf8a81671d96a,yes,rosi,production-default,benchmarks/dietGMTKN55/production-p25/shared-gapw-ae/cc4b4538871e146b47063a895d5bf8a81671d96a/input.inp,df606c37ada73291dc4dca8d397df0f65f902a75452b95776273b1160591d05e,input.cpu.inp,18667e50a97b554ad0d582ac958e9ec1bb89687c410f201afd37cd1f8e8925d3,benchmarks/dietGMTKN55/production-p25/accepted-inputs/shared-gapw-ae/cc4b4538871e146b47063a895d5bf8a81671d96a/input.cpu.inp,exact,hash-verified-original-execution
shared-gapw-ae,ce7058c6744fbdf1d732dd3a0b1a9dc6c1923467,yes,rosi,production-default,benchmarks/dietGMTKN55/production-p25/shared-gapw-ae/ce7058c6744fbdf1d732dd3a0b1a9dc6c1923467/input.inp,fe941c536422fedc25bb4d326a8d02f67b3d5fe169560fe12e069309d86ba0b2,input.cpu.inp,bf21f0055e9869c87439c70e58a788f4900a272ba5e37c60535b8d3f9348d2b9,benchmarks/dietGMTKN55/production-p25/accepted-inputs/shared-gapw-ae/ce7058c6744fbdf1d732dd3a0b1a9dc6c1923467/input.cpu.inp,exact,hash-verified-original-execution
shared-gapw-ae,ceffc1e8797c2402e47ddd77b50dfe87a777d9d6,yes,rosi,production-default,benchmarks/dietGMTKN55/production-p25/shared-gapw-ae/ceffc1e8797c2402e47ddd77b50dfe87a777d9d6/input.inp,fb0cb99a18929183aa595a7a7cc2a665448b07dbe9d4aecb07a46ce04a6f28dc,input.cpu.inp,892d876d3c88273cd3dc2200c8ae9bb143c730fb812f42d176c8a80f903bbef7,benchmarks/dietGMTKN55/production-p25/accepted-inputs/shared-gapw-ae/ceffc1e8797c2402e47ddd77b50dfe87a777d9d6/input.cpu.inp,exact,hash-verified-original-execution
shared-gapw-ae,d015b129baf65e034a905de13fd6ef5fe50174ee,yes,rosi,production-default,benchmarks/dietGMTKN55/production-p25/shared-gapw-ae/d015b129baf65e034a905de13fd6ef5fe50174ee/input.inp,69fcb1341eea4eadcdc8e58541637be445df24f9451983f2779a708815d0945c,input.cpu.inp,779d0dbd2ff5d5eeb09e94aaa58a3fbc95750f1c986a34a57c559a2a8b234d3e,benchmarks/dietGMTKN55/production-p25/accepted-inputs/shared-gapw-ae/d015b129baf65e034a905de13fd6ef5fe50174ee/input.cpu.inp,exact,hash-verified-original-execution
shared-gapw-ae,d078cfcbf6d52ba080868acb0560296bb7c4542a,yes,rosi,production-default,benchmarks/dietGMTKN55/production-p25/shared-gapw-ae/d078cfcbf6d52ba080868acb0560296bb7c4542a/input.inp,735077dd5d753f06bec72ca973e710c607be38ec157271c0a2ada2a2c7e4ed4a,input.cpu.inp,9ae11c578b1021248546c8a80966286a62ad651aa9b6b8810b13e53847ef92e6,benchmarks/dietGMTKN55/production-p25/accepted-inputs/shared-gapw-ae/d078cfcbf6d52ba080868acb0560296bb7c4542a/input.cpu.inp,exact,hash-verified-original-execution
shared-gapw-ae,d3bdfae074e1abf643535351c79e74139e0a4cd4,yes,rosi,production-default,benchmarks/dietGMTKN55/production-p25/shared-gapw-ae/d3bdfae074e1abf643535351c79e74139e0a4cd4/input.inp,40e50f73ee0283094115a789f048b2afc763822a4cbde390a97e0962e39aa296,input.cpu.inp,2d55c21b90e9b9229d322a0cef09874f946886eb09b0a8bb2beedfe9874a4ea1,benchmarks/dietGMTKN55/production-p25/accepted-inputs/shared-gapw-ae/d3bdfae074e1abf643535351c79e74139e0a4cd4/input.cpu.inp,exact,hash-verified-original-execution
shared-gapw-ae,d6fdac5bc900901308ee0a72d54e7a8237f338fd,yes,rosi,production-default,benchmarks/dietGMTKN55/production-p25/shared-gapw-ae/d6fdac5bc900901308ee0a72d54e7a8237f338fd/input.inp,6afca11da1e333020848f923475e37be29a9c0e8f036081e1c80b4fd691da31a,input.cpu.inp,d5612a91fcad5626d245e6f057727673d03ada0a841b23c8054ff64416c4d757,benchmarks/dietGMTKN55/production-p25/accepted-inputs/shared-gapw-ae/d6fdac5bc900901308ee0a72d54e7a8237f338fd/input.cpu.inp,exact,hash-verified-original-execution
shared-gapw-ae,d929f727c595ea3611ab4140cbf80925b988a636,yes,rosi,production-default,benchmarks/dietGMTKN55/production-p25/shared-gapw-ae/d929f727c595ea3611ab4140cbf80925b988a636/input.inp,eef5ab5d129a89fbacf746a45a8b6a89df504187d6ae5a917d12c37dde827188,input.cpu.inp,8316bfde47a5bd181bd7bfe8797124a77084e76b98e3568551cf4ce55605fe9a,benchmarks/dietGMTKN55/production-p25/accepted-inputs/shared-gapw-ae/d929f727c595ea3611ab4140cbf80925b988a636/input.cpu.inp,exact,hash-verified-original-execution
shared-gapw-ae,dd8d12bdf89611c451fb29645567ae45832f8e03,yes,rosi,production-default,benchmarks/dietGMTKN55/production-p25/shared-gapw-ae/dd8d12bdf89611c451fb29645567ae45832f8e03/input.inp,011673c4e773fba20a28b5d4b2822b45df5591513fdbc82b2f0fca60472a2e75,input.cpu.inp,c8e90fb33ce98f82a91313e04b16a143a576f61826063fcdf909cf04a0dea35d,benchmarks/dietGMTKN55/production-p25/accepted-inputs/shared-gapw-ae/dd8d12bdf89611c451fb29645567ae45832f8e03/input.cpu.inp,exact,hash-verified-original-execution
shared-gapw-ae,e0c78392db4d94437b1488f94cda865b2abc2771,yes,rosi,production-default,benchmarks/dietGMTKN55/production-p25/shared-gapw-ae/e0c78392db4d94437b1488f94cda865b2abc2771/input.inp,2652a45d55e9257ef4c40626309b8eb8acc58889240bad25af9d8cb169097dc7,input.cpu.inp,8b84f91c48501baef2c0367c7071bd644a12abf5639c163fcf9f81b1e8eb4a2e,benchmarks/dietGMTKN55/production-p25/accepted-inputs/shared-gapw-ae/e0c78392db4d94437b1488f94cda865b2abc2771/input.cpu.inp,exact,hash-verified-original-execution
shared-gapw-ae,e36a8c19b3b46e20ed0aa0ce55ea232d3effff75,yes,rosi,production-default,benchmarks/dietGMTKN55/production-p25/shared-gapw-ae/e36a8c19b3b46e20ed0aa0ce55ea232d3effff75/input.inp,32e01c595015e7c1608191e800e0cf6dac4e1ae8d77b8ef2b4aea48ad17283cf,input.cpu.inp,7a8d4fec6d644dd4b8bfab4bdb057f29c994f4ba129c0a9451dd8474a74b20e5,benchmarks/dietGMTKN55/production-p25/accepted-inputs/shared-gapw-ae/e36a8c19b3b46e20ed0aa0ce55ea232d3effff75/input.cpu.inp,exact,hash-verified-original-execution
shared-gapw-ae,e416a91deea914db4d2bae981d58e93623122a8f,yes,rosi,production-default,benchmarks/dietGMTKN55/production-p25/shared-gapw-ae/e416a91deea914db4d2bae981d58e93623122a8f/input.inp,d9ae8ec95e34ce4ec6453c5c50799e2c21560341d18d33471853e8e06d12105f,input.cpu.inp,1a6dee585e1d36370ad79b682d00f1ed788aa8b712b26fe593c4a9819adc9603,benchmarks/dietGMTKN55/production-p25/accepted-inputs/shared-gapw-ae/e416a91deea914db4d2bae981d58e93623122a8f/input.cpu.inp,exact,hash-verified-original-execution
shared-gapw-ae,e4c70d8e604f01bf855b7f9591344fa541d89bf5,yes,rosi,production-default,benchmarks/dietGMTKN55/production-p25/shared-gapw-ae/e4c70d8e604f01bf855b7f9591344fa541d89bf5/input.inp,ec96ce6e4dec653a89053e2d1a7dbb1e7c4a8ee149982794d830e0cf704e0ca4,input.cpu.inp,7330aaceb0be1bf9cc7eb125b17a7f6ea188e9071b31da19ba6f87a231679e67,benchmarks/dietGMTKN55/production-p25/accepted-inputs/shared-gapw-ae/e4c70d8e604f01bf855b7f9591344fa541d89bf5/input.cpu.inp,exact,hash-verified-original-execution
shared-gapw-ae,e53514c3c97e5bf64b5f846a7ec6f04560d3679a,yes,rosi,production-default,benchmarks/dietGMTKN55/production-p25/shared-gapw-ae/e53514c3c97e5bf64b5f846a7ec6f04560d3679a/input.inp,364f9e09d59c8018ab958106b2e3edc76f5b6dd3646b1fbe833e80e8c4357507,input.cpu.inp,0433a11196e1a2971aef8bb844246cb640b0f42d2b0bd14faa4767226e50d4c0,benchmarks/dietGMTKN55/production-p25/accepted-inputs/shared-gapw-ae/e53514c3c97e5bf64b5f846a7ec6f04560d3679a/input.cpu.inp,exact,hash-verified-original-execution
shared-gapw-ae,e669e0db73bcc3cec7d15c6d1d3b6310cff0ec42,yes,rosi,production-default,benchmarks/dietGMTKN55/production-p25/shared-gapw-ae/e669e0db73bcc3cec7d15c6d1d3b6310cff0ec42/input.inp,21a29f5b4ed1ed4d4f5928999ce76c96b8da6db3fbc51884f8f8f2661a931b1d,input.cpu.inp,0bc98e7318d0570c1c72756b71cfd3b51591d5db318849efa02c8471d648332b,benchmarks/dietGMTKN55/production-p25/accepted-inputs/shared-gapw-ae/e669e0db73bcc3cec7d15c6d1d3b6310cff0ec42/input.cpu.inp,exact,hash-verified-original-execution
shared-gapw-ae,e7277ed95ca4511a3ef3b3348714d11f4dcfb03a,yes,rosi,production-default,benchmarks/dietGMTKN55/production-p25/shared-gapw-ae/e7277ed95ca4511a3ef3b3348714d11f4dcfb03a/input.inp,d53fab33065dc8968fe68c7bb8965103064fc28b2a30007808a4620e48fce9dd,input.cpu.inp,4f5652c8178e3faeec6d693a6160eed37a72b5d3e31e1817ae38569d404ae288,benchmarks/dietGMTKN55/production-p25/accepted-inputs/shared-gapw-ae/e7277ed95ca4511a3ef3b3348714d11f4dcfb03a/input.cpu.inp,exact,hash-verified-original-execution
shared-gapw-ae,e753387582bf99afef9d4607a8535cc161ae85bf,yes,rosi,production-default,benchmarks/dietGMTKN55/production-p25/shared-gapw-ae/e753387582bf99afef9d4607a8535cc161ae85bf/input.inp,a001923c1ff8f3a575c11770ac2b359db22a819795649e4532526b37600297e3,input.cpu.inp,69d567ebdec407b60376715d227f40dbb80c95a648f77535979c04e16df7cc43,benchmarks/dietGMTKN55/production-p25/accepted-inputs/shared-gapw-ae/e753387582bf99afef9d4607a8535cc161ae85bf/input.cpu.inp,exact,hash-verified-original-execution
shared-gapw-ae,e7f3bc30d95e5585b7c90668756b9828509b2079,yes,rosi,production-default,benchmarks/dietGMTKN55/production-p25/shared-gapw-ae/e7f3bc30d95e5585b7c90668756b9828509b2079/input.inp,a6ec9d1dabe8e04ac591a5aaef9d4ec8d4b422883f56ea4c207aaba216b904e2,input.cpu.inp,8f496893c23859d8a89a44641b595a2f7d0490cbf895e378ca72f218832e8396,benchmarks/dietGMTKN55/production-p25/accepted-inputs/shared-gapw-ae/e7f3bc30d95e5585b7c90668756b9828509b2079/input.cpu.inp,exact,hash-verified-original-execution
shared-gapw-ae,eab10abc0d1f2d392ceb7e382c2bfed902810c08,yes,rosi,production-default,benchmarks/dietGMTKN55/production-p25/shared-gapw-ae/eab10abc0d1f2d392ceb7e382c2bfed902810c08/input.inp,863b6df24e1fc18386a1a9f96eb7b7574f6fcc899ebece5b0ea46169698fa848,input.cpu.inp,328a111983fddddd7b8e4aff466763a8c39456ef59a4222e1c153f1b1ff9f90b,benchmarks/dietGMTKN55/production-p25/accepted-inputs/shared-gapw-ae/eab10abc0d1f2d392ceb7e382c2bfed902810c08/input.cpu.inp,exact,hash-verified-original-execution
shared-gapw-ae,f03c2e7e45375b6c6b716494a7d62ea791ed0c12,yes,rosi,production-default,benchmarks/dietGMTKN55/production-p25/shared-gapw-ae/f03c2e7e45375b6c6b716494a7d62ea791ed0c12/input.inp,5bf8bea748853c287d6db6b20f75590cefd17543b381e7f8cc0c515b822dc615,input.cpu.inp,15f54a275945ac69b7613de25b7bb06c46fee2a7ddcbfcaf31ccbc341129799a,benchmarks/dietGMTKN55/production-p25/accepted-inputs/shared-gapw-ae/f03c2e7e45375b6c6b716494a7d62ea791ed0c12/input.cpu.inp,exact,hash-verified-original-execution
shared-gapw-ae,f1adf6178a9f4598a711045555ede9b92ad6fc80,yes,rosi,production-default,benchmarks/dietGMTKN55/production-p25/shared-gapw-ae/f1adf6178a9f4598a711045555ede9b92ad6fc80/input.inp,77d6a156bea25fa3852c838c5a23bcbca7ea6edd3e1a7535dcecb71bdf8f2a10,input.cpu.inp,4373c406cb35a167d5255fbce85ed1f6568063de2d55cdb7efa83fdeb7007e2e,benchmarks/dietGMTKN55/production-p25/accepted-inputs/shared-gapw-ae/f1adf6178a9f4598a711045555ede9b92ad6fc80/input.cpu.inp,exact,hash-verified-original-execution
shared-gapw-ae,f1c595ed08dec73d952feb2b47461aa6e6d8d178,yes,rosi,production-default,benchmarks/dietGMTKN55/production-p25/shared-gapw-ae/f1c595ed08dec73d952feb2b47461aa6e6d8d178/input.inp,7a8bd70f2577fdf40367f5a77b94f6d338042e8edebda6cf0a33878ec0e58c22,input.cpu.inp,72b0445034fafbb0b6a2c7d74c30f860786336ad87fe9446f839e9cf385f6a7a,benchmarks/dietGMTKN55/production-p25/accepted-inputs/shared-gapw-ae/f1c595ed08dec73d952feb2b47461aa6e6d8d178/input.cpu.inp,exact,hash-verified-original-execution
shared-gapw-ae,f29618c64b37a8913111ec044fb79f7cd353e07e,yes,rosi,production-default,benchmarks/dietGMTKN55/production-p25/shared-gapw-ae/f29618c64b37a8913111ec044fb79f7cd353e07e/input.inp,1e6da8f1fbe7f729407ec0c19c22e6bc4bbfb60d69a16a98d4d7df3563b20944,input.cpu.inp,a23dadad9508b979dab4e52681e40adf05e468c01f8bed4615a897bc5c9c0f07,benchmarks/dietGMTKN55/production-p25/accepted-inputs/shared-gapw-ae/f29618c64b37a8913111ec044fb79f7cd353e07e/input.cpu.inp,exact,hash-verified-original-execution
shared-gapw-ae,f387960cd95b83684a1d120457d607fabc843870,yes,rosi,production-default,benchmarks/dietGMTKN55/production-p25/shared-gapw-ae/f387960cd95b83684a1d120457d607fabc843870/input.inp,4a070c8c34eb4a4a1ec5ce323f240fe8c36edb02628d0039fe6d7b578fd3a676,input.cpu.inp,2f2b02e97a6fcee024efde45bec3ab4ac452ff744c711e556ad2497240acae99,benchmarks/dietGMTKN55/production-p25/accepted-inputs/shared-gapw-ae/f387960cd95b83684a1d120457d607fabc843870/input.cpu.inp,exact,hash-verified-original-execution
shared-gapw-ae,f3998cad94adf5dd75c6e5e793ee0ac7914e9b9c,yes,rosi,production-default,benchmarks/dietGMTKN55/production-p25/shared-gapw-ae/f3998cad94adf5dd75c6e5e793ee0ac7914e9b9c/input.inp,adca4746ddcf19099ba3a2e3ad99d945cd96ed6a995497abc48ef0d04873a74c,input.cpu.inp,23f4b68308dfec7d0a18a9edcf31a426e72692793927f669486d7a1376f53f2b,benchmarks/dietGMTKN55/production-p25/accepted-inputs/shared-gapw-ae/f3998cad94adf5dd75c6e5e793ee0ac7914e9b9c/input.cpu.inp,exact,hash-verified-original-execution
shared-gapw-ae,f40696896801f4b15dc671a91955fe5de607d829,yes,rosi,production-default,benchmarks/dietGMTKN55/production-p25/shared-gapw-ae/f40696896801f4b15dc671a91955fe5de607d829/input.inp,34337a9f3121d1970dcb637ce56c3007b2ec2c1360756ddcf9429f26acc955be,input.cpu.inp,f4e73443e7451922e08038c6418a75c319c2644c986950d823ce40c8d22dffc8,benchmarks/dietGMTKN55/production-p25/accepted-inputs/shared-gapw-ae/f40696896801f4b15dc671a91955fe5de607d829/input.cpu.inp,exact,hash-verified-original-execution
shared-gapw-ae,f539e6c9a52a881fdd9cc6018b7b03df2f6d56e3,yes,rosi,production-default,benchmarks/dietGMTKN55/production-p25/shared-gapw-ae/f539e6c9a52a881fdd9cc6018b7b03df2f6d56e3/input.inp,ee8dfde30b142732508e7ee72646473ee5e88a3372d8559eac729c59a3fda067,input.cpu.inp,8d39ede08f24e0355482a077ebf25ee1d956bab6dce8985b13ea4beced884959,benchmarks/dietGMTKN55/production-p25/accepted-inputs/shared-gapw-ae/f539e6c9a52a881fdd9cc6018b7b03df2f6d56e3/input.cpu.inp,exact,hash-verified-original-execution
shared-gapw-ae,f6b39f475871022c2c55f1b0925efb6323574104,yes,rosi,production-default,benchmarks/dietGMTKN55/production-p25/shared-gapw-ae/f6b39f475871022c2c55f1b0925efb6323574104/input.inp,b0405114dcd75332c065ad9071c9eacc3b31e188511e11edef579deea2b37de3,input.cpu.inp,9a626261bf60e7b32457558c41b1b87d781f42e735a9bde78a5d1f0c40fe764e,benchmarks/dietGMTKN55/production-p25/accepted-inputs/shared-gapw-ae/f6b39f475871022c2c55f1b0925efb6323574104/input.cpu.inp,exact,hash-verified-original-execution
shared-gapw-ae,f8060f0d3916b0225e52f85ab2a76ad4bf7bcad5,yes,rosi,production-default,benchmarks/dietGMTKN55/production-p25/shared-gapw-ae/f8060f0d3916b0225e52f85ab2a76ad4bf7bcad5/input.inp,de121acfd4aaebeba9dd4a9cc7724a8d183d58fcef9f38e567b40b80e0581514,input.cpu.inp,f479b5c4df0bc4de21fcc0d39c12da2533067f9fff19a81399cceeb646740775,benchmarks/dietGMTKN55/production-p25/accepted-inputs/shared-gapw-ae/f8060f0d3916b0225e52f85ab2a76ad4bf7bcad5/input.cpu.inp,exact,hash-verified-original-execution
shared-gapw-ae,f8f2560bccbc0c94912b83fb05b07a27c4587ded,yes,rosi,production-default,benchmarks/dietGMTKN55/production-p25/shared-gapw-ae/f8f2560bccbc0c94912b83fb05b07a27c4587ded/input.inp,6d63e3304cb62a23bc49f220d22fa74961e1b2dec6ab55be6d2dff384e1f9cc6,input.cpu.inp,bbfb839e9545970280080ea5ee5c9c55599b29eb9c985ddbbf92813b11ca7763,benchmarks/dietGMTKN55/production-p25/accepted-inputs/shared-gapw-ae/f8f2560bccbc0c94912b83fb05b07a27c4587ded/input.cpu.inp,exact,hash-verified-original-execution
shared-gapw-ae,fa8d7862859673d50baebca5ed2ed6b199ee4452,yes,rosi,production-default,benchmarks/dietGMTKN55/production-p25/shared-gapw-ae/fa8d7862859673d50baebca5ed2ed6b199ee4452/input.inp,3ddf937c9001e5ab9e3593caa9b0d904d98713c040b7ee0e9d5f4a565960b0d1,input.cpu.inp,f04612c93d92ab19aaf0a52971426050874a6dd57a16abe44180fd139326e4f5,benchmarks/dietGMTKN55/production-p25/accepted-inputs/shared-gapw-ae/fa8d7862859673d50baebca5ed2ed6b199ee4452/input.cpu.inp,exact,hash-verified-original-execution
shared-gapw-ae,faf14c62104664adda7193cfdd9845b92f0fcc04,yes,rosi,production-default,benchmarks/dietGMTKN55/production-p25/shared-gapw-ae/faf14c62104664adda7193cfdd9845b92f0fcc04/input.inp,cf242cb614a327e7c3558a1de4a4a594225b958b2cb9e192d9df763804272793,input.cpu.inp,5252258fc2fc1da1e76c75e881bbca325556fc7827fd1d7374ece9a8a28f44ff,benchmarks/dietGMTKN55/production-p25/accepted-inputs/shared-gapw-ae/faf14c62104664adda7193cfdd9845b92f0fcc04/input.cpu.inp,exact,hash-verified-original-execution
shared-gapw-ae,fb3d986fc33651bbe6a902ea30a160fa670266eb,yes,rosi,production-default,benchmarks/dietGMTKN55/production-p25/shared-gapw-ae/fb3d986fc33651bbe6a902ea30a160fa670266eb/input.inp,88307274d9b92b354cdeeb76fdcf1b2acae7024d7d5397f5e36d3d5acb9351db,input.cpu.inp,33e861e44ac026a9b4c3660586e0ed40c03260e617131d78ef6cc2b26b986c70,benchmarks/dietGMTKN55/production-p25/accepted-inputs/shared-gapw-ae/fb3d986fc33651bbe6a902ea30a160fa670266eb/input.cpu.inp,exact,hash-verified-original-execution
shared-gapw-ae,fc7b7a815ecba9239a59df1bafebb4a71091693e,yes,rosi,production-default,benchmarks/dietGMTKN55/production-p25/shared-gapw-ae/fc7b7a815ecba9239a59df1bafebb4a71091693e/input.inp,f1f65a617176e98092e320f1f8ff9954e55f58fedc426246a6723b6669c3db55,input.cpu.inp,577ca341f11198f1b0771d8172c20a39d2c6d60761e9d4e88cc5a1704e021d99,benchmarks/dietGMTKN55/production-p25/accepted-inputs/shared-gapw-ae/fc7b7a815ecba9239a59df1bafebb4a71091693e/input.cpu.inp,exact,hash-verified-original-execution
shared-gapw-ae,ff65e525b750e13bf9ea5186a2a4dfd6ffcd8472,yes,rosi,production-default,benchmarks/dietGMTKN55/production-p25/shared-gapw-ae/ff65e525b750e13bf9ea5186a2a4dfd6ffcd8472/input.inp,3d874bb392fdbc1c2509fb1dd9df82371cee73d6c094911b799dc81757fda588,input.cpu.inp,9086ac74a379da45f2d92a89952a6ea633a0eb05e5da210a3359aea7271ab388,benchmarks/dietGMTKN55/production-p25/accepted-inputs/shared-gapw-ae/ff65e525b750e13bf9ea5186a2a4dfd6ffcd8472/input.cpu.inp,exact,hash-verified-original-execution
gapwxc-gth-one-center,00333493a55a481e863241b5357e055f4054bb24,yes,spark,production-default,benchmarks/dietGMTKN55/production-p25/gapwxc-gth-one-center/00333493a55a481e863241b5357e055f4054bb24/input.inp,3b129422d901815b88077c0af014cc7b6c926d1b72209033e55459df03c972eb,input.inp,3b129422d901815b88077c0af014cc7b6c926d1b72209033e55459df03c972eb,benchmarks/dietGMTKN55/production-p25/accepted-inputs/gapwxc-gth-one-center/00333493a55a481e863241b5357e055f4054bb24/input.inp,exact,hash-verified-original-execution
gapwxc-gth-one-center,01f6f1691583cf2bf57ab1ea88c92322018b4dde,yes,spark,production-default,benchmarks/dietGMTKN55/production-p25/gapwxc-gth-one-center/01f6f1691583cf2bf57ab1ea88c92322018b4dde/input.inp,52c9afc36f0f1a420a1984dc796cd538167440e0921fcd128869dce676321b0e,input.inp,52c9afc36f0f1a420a1984dc796cd538167440e0921fcd128869dce676321b0e,benchmarks/dietGMTKN55/production-p25/accepted-inputs/gapwxc-gth-one-center/01f6f1691583cf2bf57ab1ea88c92322018b4dde/input.inp,exact,hash-verified-original-execution
gapwxc-gth-one-center,0baf9de9479b8276905c82d926f639d334a9c5da,yes,spark,diis-full-all-75x10-wfn-restart,benchmarks/dietGMTKN55/production-p25/gapwxc-gth-one-center/0baf9de9479b8276905c82d926f639d334a9c5da/input.inp,d2cd9907b26c41837cc8c40a07b4eb5ebb8476ca8e32954bc5035b2bc38c3976,input.diis.restart.inp,606376d1ddd598452e6215a678f76650c2aace35c95b17861adfc2e53b9bbef8,benchmarks/dietGMTKN55/production-p25/accepted-inputs/gapwxc-gth-one-center/0baf9de9479b8276905c82d926f639d334a9c5da/input.diis.restart.inp,exact,hash-verified-original-execution
gapwxc-gth-one-center,189780f73db1c85a8b69d2208190f3b7476ac17d,yes,spark,production-default,benchmarks/dietGMTKN55/production-p25/gapwxc-gth-one-center/189780f73db1c85a8b69d2208190f3b7476ac17d/input.inp,de6d2380803ec1605a320b0ad6d39cb2b89ca19a1176facd88867f9935f386d1,input.inp,de6d2380803ec1605a320b0ad6d39cb2b89ca19a1176facd88867f9935f386d1,benchmarks/dietGMTKN55/production-p25/accepted-inputs/gapwxc-gth-one-center/189780f73db1c85a8b69d2208190f3b7476ac17d/input.inp,exact,hash-verified-original-execution
gapwxc-gth-one-center,1a4956f574431353b99ec57c7061439a7520f4aa,yes,spark,production-default,benchmarks/dietGMTKN55/production-p25/gapwxc-gth-one-center/1a4956f574431353b99ec57c7061439a7520f4aa/input.inp,9f8b4577b44d0a56b524678f344b3a3c140b456123ddd986905a064f570b0f9c,input.inp,9f8b4577b44d0a56b524678f344b3a3c140b456123ddd986905a064f570b0f9c,benchmarks/dietGMTKN55/production-p25/accepted-inputs/gapwxc-gth-one-center/1a4956f574431353b99ec57c7061439a7520f4aa/input.inp,exact,hash-verified-original-execution
gapwxc-gth-one-center,2151c2305deffd59be77cc29782cccdf1af02ce5,yes,spark,production-default,benchmarks/dietGMTKN55/production-p25/gapwxc-gth-one-center/2151c2305deffd59be77cc29782cccdf1af02ce5/input.inp,3f31f1ad68de1f7bc2e4d049e268d8f8f34fdb340a28e11c062bd4459a51fcc5,input.inp,3f31f1ad68de1f7bc2e4d049e268d8f8f34fdb340a28e11c062bd4459a51fcc5,benchmarks/dietGMTKN55/production-p25/accepted-inputs/gapwxc-gth-one-center/2151c2305deffd59be77cc29782cccdf1af02ce5/input.inp,exact,hash-verified-original-execution
gapwxc-gth-one-center,2f4f855e3251762c1b915e3eaad24514a93209fd,yes,spark,production-default,benchmarks/dietGMTKN55/production-p25/gapwxc-gth-one-center/2f4f855e3251762c1b915e3eaad24514a93209fd/input.inp,d87a6e7c217e7286b7e7b1de266ebb037d89c7b08804c59354539b17c3850e4f,input.inp,d87a6e7c217e7286b7e7b1de266ebb037d89c7b08804c59354539b17c3850e4f,benchmarks/dietGMTKN55/production-p25/accepted-inputs/gapwxc-gth-one-center/2f4f855e3251762c1b915e3eaad24514a93209fd/input.inp,exact,hash-verified-original-execution
gapwxc-gth-one-center,3c9e31450618a0b88af293e5a599bb65d0d20f7d,yes,spark,production-default,benchmarks/dietGMTKN55/production-p25/gapwxc-gth-one-center/3c9e31450618a0b88af293e5a599bb65d0d20f7d/input.inp,a54bfa3cbdf3ebbaf947dbdab7b8805db69b972ba4fe48fd15da36f1ee7c32d5,input.inp,a54bfa3cbdf3ebbaf947dbdab7b8805db69b972ba4fe48fd15da36f1ee7c32d5,benchmarks/dietGMTKN55/production-p25/accepted-inputs/gapwxc-gth-one-center/3c9e31450618a0b88af293e5a599bb65d0d20f7d/input.inp,exact,hash-verified-original-execution
gapwxc-gth-one-center,3d6e3da9d1b1231e17bd1a737be8a59f969645b4,yes,spark,production-default,benchmarks/dietGMTKN55/production-p25/gapwxc-gth-one-center/3d6e3da9d1b1231e17bd1a737be8a59f969645b4/input.inp,f618aee034940b58b24a426e380bd166dbf1f397413d0a7528be7d8f3c412ae1,input.inp,f618aee034940b58b24a426e380bd166dbf1f397413d0a7528be7d8f3c412ae1,benchmarks/dietGMTKN55/production-p25/accepted-inputs/gapwxc-gth-one-center/3d6e3da9d1b1231e17bd1a737be8a59f969645b4/input.inp,exact,hash-verified-original-execution
gapwxc-gth-one-center,4fca1f48e246471fb5cac7d8c99ae54988fa3ae1,yes,spark,production-default,benchmarks/dietGMTKN55/production-p25/gapwxc-gth-one-center/4fca1f48e246471fb5cac7d8c99ae54988fa3ae1/input.inp,d9c1792d29efb5318f20c4cfb64730f3e16d1e396e971db5ebe3cdbf279f4ef5,input.inp,d9c1792d29efb5318f20c4cfb64730f3e16d1e396e971db5ebe3cdbf279f4ef5,benchmarks/dietGMTKN55/production-p25/accepted-inputs/gapwxc-gth-one-center/4fca1f48e246471fb5cac7d8c99ae54988fa3ae1/input.inp,exact,hash-verified-original-execution
gapwxc-gth-one-center,512c204fbb415052dbcf3bca37cde209edb05c6c,yes,spark,production-default,benchmarks/dietGMTKN55/production-p25/gapwxc-gth-one-center/512c204fbb415052dbcf3bca37cde209edb05c6c/input.inp,9c82a72319adee549aca36553bb528d30e1a675756dcff15b3f5ef1113205676,input.inp,9c82a72319adee549aca36553bb528d30e1a675756dcff15b3f5ef1113205676,benchmarks/dietGMTKN55/production-p25/accepted-inputs/gapwxc-gth-one-center/512c204fbb415052dbcf3bca37cde209edb05c6c/input.inp,exact,hash-verified-original-execution
gapwxc-gth-one-center,53d4e0f05e308d8d91f9b62f060bc046b35ee60a,yes,spark,production-default,benchmarks/dietGMTKN55/production-p25/gapwxc-gth-one-center/53d4e0f05e308d8d91f9b62f060bc046b35ee60a/input.inp,4c0b4ec3f3367c875426b2fdff32bdece41e977064c6f4719640e8bb3f378fd2,input.inp,4c0b4ec3f3367c875426b2fdff32bdece41e977064c6f4719640e8bb3f378fd2,benchmarks/dietGMTKN55/production-p25/accepted-inputs/gapwxc-gth-one-center/53d4e0f05e308d8d91f9b62f060bc046b35ee60a/input.inp,exact,hash-verified-original-execution
gapwxc-gth-one-center,55414141691fb9b7388d315c6029762b640e5b7a,yes,spark,production-default,benchmarks/dietGMTKN55/production-p25/gapwxc-gth-one-center/55414141691fb9b7388d315c6029762b640e5b7a/input.inp,a7a10b0485318925723b8d92b91fd9c6c2ffb8e832d2729fdf47dfaf3c3da255,input.inp,a7a10b0485318925723b8d92b91fd9c6c2ffb8e832d2729fdf47dfaf3c3da255,benchmarks/dietGMTKN55/production-p25/accepted-inputs/gapwxc-gth-one-center/55414141691fb9b7388d315c6029762b640e5b7a/input.inp,exact,hash-verified-original-execution
gapwxc-gth-one-center,5f100197da40fa72fb2324e8112c4ecfd6741f96,yes,spark,production-default,benchmarks/dietGMTKN55/production-p25/gapwxc-gth-one-center/5f100197da40fa72fb2324e8112c4ecfd6741f96/input.inp,4ce8dbec3c67e97dc391a226e700ed6f28cdbbdf549c87b7fc47c61af985a0c3,input.inp,4ce8dbec3c67e97dc391a226e700ed6f28cdbbdf549c87b7fc47c61af985a0c3,benchmarks/dietGMTKN55/production-p25/accepted-inputs/gapwxc-gth-one-center/5f100197da40fa72fb2324e8112c4ecfd6741f96/input.inp,exact,hash-verified-original-execution
gapwxc-gth-one-center,5f7357571186a3960d758f7969a9dfa60688788e,yes,spark,production-default,benchmarks/dietGMTKN55/production-p25/gapwxc-gth-one-center/5f7357571186a3960d758f7969a9dfa60688788e/input.inp,312b975df96b150a6ae8250551f26e8d2eba645218336ab8311946aa6cb72471,input.inp,312b975df96b150a6ae8250551f26e8d2eba645218336ab8311946aa6cb72471,benchmarks/dietGMTKN55/production-p25/accepted-inputs/gapwxc-gth-one-center/5f7357571186a3960d758f7969a9dfa60688788e/input.inp,exact,hash-verified-original-execution
gapwxc-gth-one-center,63954fbc43c2714d4b2b24814f3a8574296f2100,yes,spark,production-default,benchmarks/dietGMTKN55/production-p25/gapwxc-gth-one-center/63954fbc43c2714d4b2b24814f3a8574296f2100/input.inp,060ac47547630a49c4f1935182fa8827b4eeacf3878d9cbf0b231c0ab50213d8,input.inp,060ac47547630a49c4f1935182fa8827b4eeacf3878d9cbf0b231c0ab50213d8,benchmarks/dietGMTKN55/production-p25/accepted-inputs/gapwxc-gth-one-center/63954fbc43c2714d4b2b24814f3a8574296f2100/input.inp,exact,hash-verified-original-execution
gapwxc-gth-one-center,69d762d2ca959b7c46daf3974c2f9eef7476ca6b,yes,spark,production-default,benchmarks/dietGMTKN55/production-p25/gapwxc-gth-one-center/69d762d2ca959b7c46daf3974c2f9eef7476ca6b/input.inp,fb92a3551e985e969dfc2724b18e40aa17b9a5132d64d5511a4f5b434c6e10aa,input.inp,fb92a3551e985e969dfc2724b18e40aa17b9a5132d64d5511a4f5b434c6e10aa,benchmarks/dietGMTKN55/production-p25/accepted-inputs/gapwxc-gth-one-center/69d762d2ca959b7c46daf3974c2f9eef7476ca6b/input.inp,exact,hash-verified-original-execution
gapwxc-gth-one-center,6e91322ffb8f6b5866a1e8aff5982e4773bd0236,yes,spark,production-default,benchmarks/dietGMTKN55/production-p25/gapwxc-gth-one-center/6e91322ffb8f6b5866a1e8aff5982e4773bd0236/input.inp,c83240c4eae5605faac912466e1f6735ca0b6ba3eecb01445f52356d476d661f,input.inp,c83240c4eae5605faac912466e1f6735ca0b6ba3eecb01445f52356d476d661f,benchmarks/dietGMTKN55/production-p25/accepted-inputs/gapwxc-gth-one-center/6e91322ffb8f6b5866a1e8aff5982e4773bd0236/input.inp,exact,hash-verified-original-execution
gapwxc-gth-one-center,7850d278a8d368875bfea5134dcdafad62987a68,yes,spark,production-default,benchmarks/dietGMTKN55/production-p25/gapwxc-gth-one-center/7850d278a8d368875bfea5134dcdafad62987a68/input.inp,442dfc0b0b4e7e4b61b5c41588bbae18b1375ea66829dbd5bc3d9d3f97865771,input.inp,442dfc0b0b4e7e4b61b5c41588bbae18b1375ea66829dbd5bc3d9d3f97865771,benchmarks/dietGMTKN55/production-p25/accepted-inputs/gapwxc-gth-one-center/7850d278a8d368875bfea5134dcdafad62987a68/input.inp,exact,hash-verified-original-execution
gapwxc-gth-one-center,81cdbbe3b47e3d71a7abb3bc85580b18eca4a63f,yes,spark,production-default,benchmarks/dietGMTKN55/production-p25/gapwxc-gth-one-center/81cdbbe3b47e3d71a7abb3bc85580b18eca4a63f/input.inp,bdfb22bfd8ca020cb36d88fdc9cd938d931a50a37a6be22601036dd2bffd112c,input.inp,bdfb22bfd8ca020cb36d88fdc9cd938d931a50a37a6be22601036dd2bffd112c,benchmarks/dietGMTKN55/production-p25/accepted-inputs/gapwxc-gth-one-center/81cdbbe3b47e3d71a7abb3bc85580b18eca4a63f/input.inp,exact,hash-verified-original-execution
gapwxc-gth-one-center,827c86c6054b11a34908826558815d4c97039dfc,yes,spark,production-default,benchmarks/dietGMTKN55/production-p25/gapwxc-gth-one-center/827c86c6054b11a34908826558815d4c97039dfc/input.inp,41b58f507a26936bbfe9506ba772abf20c1b2ded957683eda29fc76637c1a81f,input.inp,41b58f507a26936bbfe9506ba772abf20c1b2ded957683eda29fc76637c1a81f,benchmarks/dietGMTKN55/production-p25/accepted-inputs/gapwxc-gth-one-center/827c86c6054b11a34908826558815d4c97039dfc/input.inp,exact,hash-verified-original-execution
gapwxc-gth-one-center,9dbbfd27dc4ab711c12f10245dde1b0933fee9a2,yes,spark,production-default,benchmarks/dietGMTKN55/production-p25/gapwxc-gth-one-center/9dbbfd27dc4ab711c12f10245dde1b0933fee9a2/input.inp,c2ddf54da6f4d6ab67ce3a2193f8b2caaab1db5f3138f2125fedbc34a1d0b977,input.inp,c2ddf54da6f4d6ab67ce3a2193f8b2caaab1db5f3138f2125fedbc34a1d0b977,benchmarks/dietGMTKN55/production-p25/accepted-inputs/gapwxc-gth-one-center/9dbbfd27dc4ab711c12f10245dde1b0933fee9a2/input.inp,exact,hash-verified-original-execution
gapwxc-gth-one-center,a4311fb749e9e7e31b39d12c2a45961170a253a1,yes,spark,production-default,benchmarks/dietGMTKN55/production-p25/gapwxc-gth-one-center/a4311fb749e9e7e31b39d12c2a45961170a253a1/input.inp,d098e0c5ad8a453972cf5894e6c8e5bd2fa49e14df54ad710c1e5d0bd1ed64c7,input.inp,d098e0c5ad8a453972cf5894e6c8e5bd2fa49e14df54ad710c1e5d0bd1ed64c7,benchmarks/dietGMTKN55/production-p25/accepted-inputs/gapwxc-gth-one-center/a4311fb749e9e7e31b39d12c2a45961170a253a1/input.inp,exact,hash-verified-original-execution
gapwxc-gth-one-center,b0baaec3defcc34c32e00aa368ef7d6f425898de,yes,spark,production-default,benchmarks/dietGMTKN55/production-p25/gapwxc-gth-one-center/b0baaec3defcc34c32e00aa368ef7d6f425898de/input.inp,7544cae025c67354e2e72ef726c973f6da0b45ff6b79d64edc80fe9f8f5c316c,input.inp,7544cae025c67354e2e72ef726c973f6da0b45ff6b79d64edc80fe9f8f5c316c,benchmarks/dietGMTKN55/production-p25/accepted-inputs/gapwxc-gth-one-center/b0baaec3defcc34c32e00aa368ef7d6f425898de/input.inp,exact,hash-verified-original-execution
gapwxc-gth-one-center,b3855c64e9f61158f5e449e2df7b79bf1fa599d7,yes,spark,production-default,benchmarks/dietGMTKN55/production-p25/gapwxc-gth-one-center/b3855c64e9f61158f5e449e2df7b79bf1fa599d7/input.inp,2384e54cf1e0aa54abfa8e1de7c3a6757cfb53c037d02ced350183f4d6d3da75,input.inp,2384e54cf1e0aa54abfa8e1de7c3a6757cfb53c037d02ced350183f4d6d3da75,benchmarks/dietGMTKN55/production-p25/accepted-inputs/gapwxc-gth-one-center/b3855c64e9f61158f5e449e2df7b79bf1fa599d7/input.inp,exact,hash-verified-original-execution
gapwxc-gth-one-center,c438ecfbf67f51eca696e2fa7ba69dbeb4bb9477,yes,spark,production-default,benchmarks/dietGMTKN55/production-p25/gapwxc-gth-one-center/c438ecfbf67f51eca696e2fa7ba69dbeb4bb9477/input.inp,4da62f7aff1904cd4c5d0ae95b4d8c3f6edfcd9d5b3d1a9530824f050a2cfd36,input.inp,4da62f7aff1904cd4c5d0ae95b4d8c3f6edfcd9d5b3d1a9530824f050a2cfd36,benchmarks/dietGMTKN55/production-p25/accepted-inputs/gapwxc-gth-one-center/c438ecfbf67f51eca696e2fa7ba69dbeb4bb9477/input.inp,exact,hash-verified-original-execution
gapwxc-gth-one-center,ceffc1e8797c2402e47ddd77b50dfe87a777d9d6,yes,spark,production-default,benchmarks/dietGMTKN55/production-p25/gapwxc-gth-one-center/ceffc1e8797c2402e47ddd77b50dfe87a777d9d6/input.inp,6af220acda94fb26f03d25451a124436dd8e53842c75f554a5d58322978a5c19,input.inp,6af220acda94fb26f03d25451a124436dd8e53842c75f554a5d58322978a5c19,benchmarks/dietGMTKN55/production-p25/accepted-inputs/gapwxc-gth-one-center/ceffc1e8797c2402e47ddd77b50dfe87a777d9d6/input.inp,exact,hash-verified-original-execution
gapwxc-gth-one-center,d078cfcbf6d52ba080868acb0560296bb7c4542a,yes,spark,production-default,benchmarks/dietGMTKN55/production-p25/gapwxc-gth-one-center/d078cfcbf6d52ba080868acb0560296bb7c4542a/input.inp,c03d11884ea25a1e467fcb0e62b68959f687bcbefb3c2ebd45067ed3b4ab16a7,input.inp,c03d11884ea25a1e467fcb0e62b68959f687bcbefb3c2ebd45067ed3b4ab16a7,benchmarks/dietGMTKN55/production-p25/accepted-inputs/gapwxc-gth-one-center/d078cfcbf6d52ba080868acb0560296bb7c4542a/input.inp,exact,hash-verified-original-execution
gapwxc-gth-one-center,dd8d12bdf89611c451fb29645567ae45832f8e03,yes,spark,production-default,benchmarks/dietGMTKN55/production-p25/gapwxc-gth-one-center/dd8d12bdf89611c451fb29645567ae45832f8e03/input.inp,94f211f6572111e5e80260504359cef070dbc5f85d5a188a4a23462eb39870a1,input.inp,94f211f6572111e5e80260504359cef070dbc5f85d5a188a4a23462eb39870a1,benchmarks/dietGMTKN55/production-p25/accepted-inputs/gapwxc-gth-one-center/dd8d12bdf89611c451fb29645567ae45832f8e03/input.inp,exact,hash-verified-original-execution
gapwxc-gth-one-center,e36a8c19b3b46e20ed0aa0ce55ea232d3effff75,yes,spark,production-default,benchmarks/dietGMTKN55/production-p25/gapwxc-gth-one-center/e36a8c19b3b46e20ed0aa0ce55ea232d3effff75/input.inp,01507573181525aa449e9aca450e4ecda522970ea0d58e69abf6261d38802f3e,input.inp,01507573181525aa449e9aca450e4ecda522970ea0d58e69abf6261d38802f3e,benchmarks/dietGMTKN55/production-p25/accepted-inputs/gapwxc-gth-one-center/e36a8c19b3b46e20ed0aa0ce55ea232d3effff75/input.inp,exact,hash-verified-original-execution
gapwxc-gth-one-center,e416a91deea914db4d2bae981d58e93623122a8f,yes,spark,production-default,benchmarks/dietGMTKN55/production-p25/gapwxc-gth-one-center/e416a91deea914db4d2bae981d58e93623122a8f/input.inp,586b300f5b7129928c0a6561d8d6415232600b6ea5e24c98651036955dc98108,input.inp,586b300f5b7129928c0a6561d8d6415232600b6ea5e24c98651036955dc98108,benchmarks/dietGMTKN55/production-p25/accepted-inputs/gapwxc-gth-one-center/e416a91deea914db4d2bae981d58e93623122a8f/input.inp,exact,hash-verified-original-execution
gapwxc-gth-one-center,e7277ed95ca4511a3ef3b3348714d11f4dcfb03a,yes,spark,production-default,benchmarks/dietGMTKN55/production-p25/gapwxc-gth-one-center/e7277ed95ca4511a3ef3b3348714d11f4dcfb03a/input.inp,6cccfaa65b8797d28770d379dcb17af6f6db3a24c885ab7664f38566cb299beb,input.inp,6cccfaa65b8797d28770d379dcb17af6f6db3a24c885ab7664f38566cb299beb,benchmarks/dietGMTKN55/production-p25/accepted-inputs/gapwxc-gth-one-center/e7277ed95ca4511a3ef3b3348714d11f4dcfb03a/input.inp,exact,hash-verified-original-execution
gapwxc-gth-one-center,e753387582bf99afef9d4607a8535cc161ae85bf,yes,spark,production-default,benchmarks/dietGMTKN55/production-p25/gapwxc-gth-one-center/e753387582bf99afef9d4607a8535cc161ae85bf/input.inp,e79db659f8fdc2634eaf02f6f2b9533fd921aa015d6c75c177935a04b868ff21,input.inp,e79db659f8fdc2634eaf02f6f2b9533fd921aa015d6c75c177935a04b868ff21,benchmarks/dietGMTKN55/production-p25/accepted-inputs/gapwxc-gth-one-center/e753387582bf99afef9d4607a8535cc161ae85bf/input.inp,exact,hash-verified-original-execution
gapwxc-gth-one-center,f29618c64b37a8913111ec044fb79f7cd353e07e,yes,spark,production-default,benchmarks/dietGMTKN55/production-p25/gapwxc-gth-one-center/f29618c64b37a8913111ec044fb79f7cd353e07e/input.inp,b67bebd06d5341c3874ce55bc22cfda50089e54b3d532ed09cb1619beb044030,input.inp,b67bebd06d5341c3874ce55bc22cfda50089e54b3d532ed09cb1619beb044030,benchmarks/dietGMTKN55/production-p25/accepted-inputs/gapwxc-gth-one-center/f29618c64b37a8913111ec044fb79f7cd353e07e/input.inp,exact,hash-verified-original-execution
gapwxc-gth-one-center,02691b7f604e1f85ca698912104dfdf0724c5691,yes,terok,production-default,benchmarks/dietGMTKN55/production-p25/gapwxc-gth-one-center/02691b7f604e1f85ca698912104dfdf0724c5691/input.inp,51b9fc42666932b8f5603a2273408bcb1f5772fbcaa629c3c2f7f07d86ca9d15,input.inp,51b9fc42666932b8f5603a2273408bcb1f5772fbcaa629c3c2f7f07d86ca9d15,benchmarks/dietGMTKN55/production-p25/accepted-inputs/gapwxc-gth-one-center/02691b7f604e1f85ca698912104dfdf0724c5691/input.inp,exact,hash-verified-original-execution
gapwxc-gth-one-center,0281f91ab5c4e8292ef61cb99f55e1efc9cb90d6,yes,terok,production-default,benchmarks/dietGMTKN55/production-p25/gapwxc-gth-one-center/0281f91ab5c4e8292ef61cb99f55e1efc9cb90d6/input.inp,3f2bc450175b48766cac5378ea3c8d0b1d5b46ba92ba13a72cca65ca3f4e8e01,input.inp,3f2bc450175b48766cac5378ea3c8d0b1d5b46ba92ba13a72cca65ca3f4e8e01,benchmarks/dietGMTKN55/production-p25/accepted-inputs/gapwxc-gth-one-center/0281f91ab5c4e8292ef61cb99f55e1efc9cb90d6/input.inp,exact,hash-verified-original-execution
gapwxc-gth-one-center,0367553db31d820e3397cf573195e979e8a23842,yes,terok,production-default,benchmarks/dietGMTKN55/production-p25/gapwxc-gth-one-center/0367553db31d820e3397cf573195e979e8a23842/input.inp,4d879c986e9641688c8c62045894750c685b8bcf0a0b9371fda73462c8eef6ca,input.inp,4d879c986e9641688c8c62045894750c685b8bcf0a0b9371fda73462c8eef6ca,benchmarks/dietGMTKN55/production-p25/accepted-inputs/gapwxc-gth-one-center/0367553db31d820e3397cf573195e979e8a23842/input.inp,exact,hash-verified-original-execution
gapwxc-gth-one-center,0530e9dc2c122968e5f4da5285d7a524c3567d9f,yes,terok,production-default,benchmarks/dietGMTKN55/production-p25/gapwxc-gth-one-center/0530e9dc2c122968e5f4da5285d7a524c3567d9f/input.inp,4acdfab822dd7c668c1c422450d10322c1f0b55ddbebb36fbbb43841b7991007,input.inp,4acdfab822dd7c668c1c422450d10322c1f0b55ddbebb36fbbb43841b7991007,benchmarks/dietGMTKN55/production-p25/accepted-inputs/gapwxc-gth-one-center/0530e9dc2c122968e5f4da5285d7a524c3567d9f/input.inp,exact,hash-verified-original-execution
gapwxc-gth-one-center,11779ff88d6df48af3086aa37cc4b17b3f90d139,yes,terok,production-default,benchmarks/dietGMTKN55/production-p25/gapwxc-gth-one-center/11779ff88d6df48af3086aa37cc4b17b3f90d139/input.inp,1347bda42ddce26a1c44f24ed910d8c3f3503e855b0bc68782b8a2baf2742aef,input.inp,1347bda42ddce26a1c44f24ed910d8c3f3503e855b0bc68782b8a2baf2742aef,benchmarks/dietGMTKN55/production-p25/accepted-inputs/gapwxc-gth-one-center/11779ff88d6df48af3086aa37cc4b17b3f90d139/input.inp,exact,hash-verified-original-execution
gapwxc-gth-one-center,11c498e1486ad4e4b9852c773a940bbaa39fd209,yes,terok,production-default,benchmarks/dietGMTKN55/production-p25/gapwxc-gth-one-center/11c498e1486ad4e4b9852c773a940bbaa39fd209/input.inp,850aebd40dda0e262118ea8980794c0b4242a93bfc745283ff66c525448932cb,input.inp,850aebd40dda0e262118ea8980794c0b4242a93bfc745283ff66c525448932cb,benchmarks/dietGMTKN55/production-p25/accepted-inputs/gapwxc-gth-one-center/11c498e1486ad4e4b9852c773a940bbaa39fd209/input.inp,exact,hash-verified-original-execution
gapwxc-gth-one-center,135e34e684a41161eccc29e236b369093fceffcd,yes,terok,production-default,benchmarks/dietGMTKN55/production-p25/gapwxc-gth-one-center/135e34e684a41161eccc29e236b369093fceffcd/input.inp,d0eb1a35b8a971488121ca91f56c4eabe85a56188571dc94b100e1647e96c240,input.inp,d0eb1a35b8a971488121ca91f56c4eabe85a56188571dc94b100e1647e96c240,benchmarks/dietGMTKN55/production-p25/accepted-inputs/gapwxc-gth-one-center/135e34e684a41161eccc29e236b369093fceffcd/input.inp,exact,hash-verified-original-execution
gapwxc-gth-one-center,14641cd6bddcceee4f43c1174e4e4e6d8a9327ed,yes,terok,production-default,benchmarks/dietGMTKN55/production-p25/gapwxc-gth-one-center/14641cd6bddcceee4f43c1174e4e4e6d8a9327ed/input.inp,c02b2a78b7cb4326978e838c860074ff3a9b28051df29597083864b9d8c2727d,input.inp,c02b2a78b7cb4326978e838c860074ff3a9b28051df29597083864b9d8c2727d,benchmarks/dietGMTKN55/production-p25/accepted-inputs/gapwxc-gth-one-center/14641cd6bddcceee4f43c1174e4e4e6d8a9327ed/input.inp,exact,hash-verified-original-execution
gapwxc-gth-one-center,15f02decc3f313284dac945c91fee816c5f794be,yes,terok,production-default,benchmarks/dietGMTKN55/production-p25/gapwxc-gth-one-center/15f02decc3f313284dac945c91fee816c5f794be/input.inp,3c6194cbbb400770b043cbbfb76c5048bc4a91b2c34f25892f82e1dc15d024ed,input.inp,3c6194cbbb400770b043cbbfb76c5048bc4a91b2c34f25892f82e1dc15d024ed,benchmarks/dietGMTKN55/production-p25/accepted-inputs/gapwxc-gth-one-center/15f02decc3f313284dac945c91fee816c5f794be/input.inp,exact,hash-verified-original-execution
gapwxc-gth-one-center,17b142e759510636be3697cb6b5163474d65f866,yes,terok,production-default,benchmarks/dietGMTKN55/production-p25/gapwxc-gth-one-center/17b142e759510636be3697cb6b5163474d65f866/input.inp,8f55a78ca27e03f6c927db46d032ddadfeab933b2762e3081d54e6d10ba5ff79,input.inp,8f55a78ca27e03f6c927db46d032ddadfeab933b2762e3081d54e6d10ba5ff79,benchmarks/dietGMTKN55/production-p25/accepted-inputs/gapwxc-gth-one-center/17b142e759510636be3697cb6b5163474d65f866/input.inp,exact,hash-verified-original-execution
gapwxc-gth-one-center,191c805e603e7c8399fb3cafdfe960cdd59edb3e,yes,terok,production-default,benchmarks/dietGMTKN55/production-p25/gapwxc-gth-one-center/191c805e603e7c8399fb3cafdfe960cdd59edb3e/input.inp,2801d639e21eabf4a17e2b85bfbcc11a6952556212980090804247ffc590eb23,input.inp,2801d639e21eabf4a17e2b85bfbcc11a6952556212980090804247ffc590eb23,benchmarks/dietGMTKN55/production-p25/accepted-inputs/gapwxc-gth-one-center/191c805e603e7c8399fb3cafdfe960cdd59edb3e/input.inp,exact,hash-verified-original-execution
gapwxc-gth-one-center,1ba84d2e8e24eb3d2474ff5344fd5572a5e29d98,yes,terok,production-default,benchmarks/dietGMTKN55/production-p25/gapwxc-gth-one-center/1ba84d2e8e24eb3d2474ff5344fd5572a5e29d98/input.inp,738bd6044a4aecbf7dad456f16ab758ebafa107e70ad6f941fd335ebcc76c1e1,input.inp,738bd6044a4aecbf7dad456f16ab758ebafa107e70ad6f941fd335ebcc76c1e1,benchmarks/dietGMTKN55/production-p25/accepted-inputs/gapwxc-gth-one-center/1ba84d2e8e24eb3d2474ff5344fd5572a5e29d98/input.inp,exact,hash-verified-original-execution
gapwxc-gth-one-center,203a52bb521920877256c0061ef54cff18be3a82,yes,terok,production-default,benchmarks/dietGMTKN55/production-p25/gapwxc-gth-one-center/203a52bb521920877256c0061ef54cff18be3a82/input.inp,a2ac9a3573e8a4fb4650813182c5ff7b1538fe6dcc67866aab0222fd4f8f9467,input.inp,a2ac9a3573e8a4fb4650813182c5ff7b1538fe6dcc67866aab0222fd4f8f9467,benchmarks/dietGMTKN55/production-p25/accepted-inputs/gapwxc-gth-one-center/203a52bb521920877256c0061ef54cff18be3a82/input.inp,exact,hash-verified-original-execution
gapwxc-gth-one-center,23c21afd51af656dfc21c45a5fd9d158c6cfea77,yes,terok,production-default,benchmarks/dietGMTKN55/production-p25/gapwxc-gth-one-center/23c21afd51af656dfc21c45a5fd9d158c6cfea77/input.inp,802f206c6087478f67c50e107a702c4962ab008f350caad40d98a35c330aab3c,input.inp,802f206c6087478f67c50e107a702c4962ab008f350caad40d98a35c330aab3c,benchmarks/dietGMTKN55/production-p25/accepted-inputs/gapwxc-gth-one-center/23c21afd51af656dfc21c45a5fd9d158c6cfea77/input.inp,exact,hash-verified-original-execution
gapwxc-gth-one-center,24426123c875445d526a5a025bb45206264f57d8,yes,terok,production-default,benchmarks/dietGMTKN55/production-p25/gapwxc-gth-one-center/24426123c875445d526a5a025bb45206264f57d8/input.inp,7262f8b6ab4b66501309b11b95fb378ef8ec00288ee27c8655a5e427b910bfb3,input.inp,7262f8b6ab4b66501309b11b95fb378ef8ec00288ee27c8655a5e427b910bfb3,benchmarks/dietGMTKN55/production-p25/accepted-inputs/gapwxc-gth-one-center/24426123c875445d526a5a025bb45206264f57d8/input.inp,exact,hash-verified-original-execution
gapwxc-gth-one-center,2a021c86e3afb89152aff26754e4f5b2971a7ca4,yes,terok,production-default,benchmarks/dietGMTKN55/production-p25/gapwxc-gth-one-center/2a021c86e3afb89152aff26754e4f5b2971a7ca4/input.inp,f0a3d792a7e890ccb728ac36de6d34cdff81d5d14949817fb15f9ac53ac3a636,input.inp,f0a3d792a7e890ccb728ac36de6d34cdff81d5d14949817fb15f9ac53ac3a636,benchmarks/dietGMTKN55/production-p25/accepted-inputs/gapwxc-gth-one-center/2a021c86e3afb89152aff26754e4f5b2971a7ca4/input.inp,exact,hash-verified-original-execution
gapwxc-gth-one-center,2c1aa358634e83f4cc5c556da4418f5f4072cc19,yes,terok,production-default,benchmarks/dietGMTKN55/production-p25/gapwxc-gth-one-center/2c1aa358634e83f4cc5c556da4418f5f4072cc19/input.inp,68c2a35a57a5c7b2c05d97daf6287e9954d0612e2fb2d630fcc61a0f944f8a39,input.inp,68c2a35a57a5c7b2c05d97daf6287e9954d0612e2fb2d630fcc61a0f944f8a39,benchmarks/dietGMTKN55/production-p25/accepted-inputs/gapwxc-gth-one-center/2c1aa358634e83f4cc5c556da4418f5f4072cc19/input.inp,exact,hash-verified-original-execution
gapwxc-gth-one-center,31c8c54e1ec7ae583a5b293004eec5aacb18d039,yes,terok,production-default,benchmarks/dietGMTKN55/production-p25/gapwxc-gth-one-center/31c8c54e1ec7ae583a5b293004eec5aacb18d039/input.inp,72b002a189e6dfa6c134f885d0ded4347554c537703aee24f7d76702235c1f9e,input.inp,72b002a189e6dfa6c134f885d0ded4347554c537703aee24f7d76702235c1f9e,benchmarks/dietGMTKN55/production-p25/accepted-inputs/gapwxc-gth-one-center/31c8c54e1ec7ae583a5b293004eec5aacb18d039/input.inp,exact,hash-verified-original-execution
gapwxc-gth-one-center,33a11bce88b0ce1c6ac1f81fa176da9b8d68db02,yes,terok,production-default,benchmarks/dietGMTKN55/production-p25/gapwxc-gth-one-center/33a11bce88b0ce1c6ac1f81fa176da9b8d68db02/input.inp,a4bfb10b90614cfe9cee8d36e6c353dc6e73949be86777d502a3daf2666e94be,input.inp,a4bfb10b90614cfe9cee8d36e6c353dc6e73949be86777d502a3daf2666e94be,benchmarks/dietGMTKN55/production-p25/accepted-inputs/gapwxc-gth-one-center/33a11bce88b0ce1c6ac1f81fa176da9b8d68db02/input.inp,exact,hash-verified-original-execution
gapwxc-gth-one-center,3a1bc965a5cdf0bb4c28dc9c54c639983ee02cd5,yes,terok,production-default,benchmarks/dietGMTKN55/production-p25/gapwxc-gth-one-center/3a1bc965a5cdf0bb4c28dc9c54c639983ee02cd5/input.inp,c02cb06523228ffdc40af1c8b108ad8cb077da9ac6c769f8aee11ed1f5daa31f,input.inp,c02cb06523228ffdc40af1c8b108ad8cb077da9ac6c769f8aee11ed1f5daa31f,benchmarks/dietGMTKN55/production-p25/accepted-inputs/gapwxc-gth-one-center/3a1bc965a5cdf0bb4c28dc9c54c639983ee02cd5/input.inp,exact,hash-verified-original-execution
gapwxc-gth-one-center,3b10710e8a987afedce3c6c950da9c2c72c86101,yes,terok,production-default,benchmarks/dietGMTKN55/production-p25/gapwxc-gth-one-center/3b10710e8a987afedce3c6c950da9c2c72c86101/input.inp,a5e373664caa0c461cbf90d28b0c4ce74dd8fec02b5567b42fd01c44125e3f59,input.inp,a5e373664caa0c461cbf90d28b0c4ce74dd8fec02b5567b42fd01c44125e3f59,benchmarks/dietGMTKN55/production-p25/accepted-inputs/gapwxc-gth-one-center/3b10710e8a987afedce3c6c950da9c2c72c86101/input.inp,exact,hash-verified-original-execution
gapwxc-gth-one-center,3ee334e6448326d495fdde65506f87dfcd646117,yes,terok,production-default,benchmarks/dietGMTKN55/production-p25/gapwxc-gth-one-center/3ee334e6448326d495fdde65506f87dfcd646117/input.inp,a2743ce133caaf6b1454f118ab5681c42e7fe864e510ccbce43b63d7d32644f2,input.inp,a2743ce133caaf6b1454f118ab5681c42e7fe864e510ccbce43b63d7d32644f2,benchmarks/dietGMTKN55/production-p25/accepted-inputs/gapwxc-gth-one-center/3ee334e6448326d495fdde65506f87dfcd646117/input.inp,exact,hash-verified-original-execution
gapwxc-gth-one-center,435dcfec2baff1096f952206ad475f6f9b4242b2,yes,terok,production-default,benchmarks/dietGMTKN55/production-p25/gapwxc-gth-one-center/435dcfec2baff1096f952206ad475f6f9b4242b2/input.inp,b16f6447a7d74672d17931b6c8d08058be06c6e290834ba8223ebed02981d020,input.inp,b16f6447a7d74672d17931b6c8d08058be06c6e290834ba8223ebed02981d020,benchmarks/dietGMTKN55/production-p25/accepted-inputs/gapwxc-gth-one-center/435dcfec2baff1096f952206ad475f6f9b4242b2/input.inp,exact,hash-verified-original-execution
gapwxc-gth-one-center,43fb92b328a71580d851f682dc58e1ec45422a68,yes,terok,production-default,benchmarks/dietGMTKN55/production-p25/gapwxc-gth-one-center/43fb92b328a71580d851f682dc58e1ec45422a68/input.inp,18059a972d70f8f45477c57564fb64bf4ee479f6b55e7cc5c427cb18fbcac4d6,input.inp,18059a972d70f8f45477c57564fb64bf4ee479f6b55e7cc5c427cb18fbcac4d6,benchmarks/dietGMTKN55/production-p25/accepted-inputs/gapwxc-gth-one-center/43fb92b328a71580d851f682dc58e1ec45422a68/input.inp,exact,hash-verified-original-execution
gapwxc-gth-one-center,45cd512ab8f52c8950ff049839ec228a7d888e86,yes,terok,production-default,benchmarks/dietGMTKN55/production-p25/gapwxc-gth-one-center/45cd512ab8f52c8950ff049839ec228a7d888e86/input.inp,21683aa4a54bdf32084effa06c11ec59d70f8fad3695553568713ba7f43f1099,input.inp,21683aa4a54bdf32084effa06c11ec59d70f8fad3695553568713ba7f43f1099,benchmarks/dietGMTKN55/production-p25/accepted-inputs/gapwxc-gth-one-center/45cd512ab8f52c8950ff049839ec228a7d888e86/input.inp,exact,hash-verified-original-execution
gapwxc-gth-one-center,492141ab853497951d3dc4be6df0ce562967fd92,yes,terok,pbe-seeded-diis-full-all-75x10,benchmarks/dietGMTKN55/production-p25/gapwxc-gth-one-center/492141ab853497951d3dc4be6df0ce562967fd92/input.inp,bea837a33294c56c5306a78ad826b1d83dc250b57a8259bdbbbfe9534a1b5263,input.pbe-seeded.inp,214cd01fc797cd5bda7e3d1ffb04dafbae233392f50d8802a5df2efd00dfba2e,benchmarks/dietGMTKN55/production-p25/accepted-inputs/gapwxc-gth-one-center/492141ab853497951d3dc4be6df0ce562967fd92/input.pbe-seeded.inp,exact,hash-verified-original-execution
gapwxc-gth-one-center,5ee9c9c7f8aea92cbb1116a496f77c667cbd77eb,yes,terok,production-default,benchmarks/dietGMTKN55/production-p25/gapwxc-gth-one-center/5ee9c9c7f8aea92cbb1116a496f77c667cbd77eb/input.inp,504180f2754d806383e0c47a6644ce065af20195443f0d8cd97593fe50f6284a,input.inp,504180f2754d806383e0c47a6644ce065af20195443f0d8cd97593fe50f6284a,benchmarks/dietGMTKN55/production-p25/accepted-inputs/gapwxc-gth-one-center/5ee9c9c7f8aea92cbb1116a496f77c667cbd77eb/input.inp,exact,hash-verified-original-execution
gapwxc-gth-one-center,6007ed0531318684dce37c642e2f2aacbb6d349d,yes,terok,production-default,benchmarks/dietGMTKN55/production-p25/gapwxc-gth-one-center/6007ed0531318684dce37c642e2f2aacbb6d349d/input.inp,2b46ffd639803788593635176da167a625cd9d44d19748ddf1a2eb107a7ff1b3,input.inp,2b46ffd639803788593635176da167a625cd9d44d19748ddf1a2eb107a7ff1b3,benchmarks/dietGMTKN55/production-p25/accepted-inputs/gapwxc-gth-one-center/6007ed0531318684dce37c642e2f2aacbb6d349d/input.inp,exact,hash-verified-original-execution
gapwxc-gth-one-center,60863b0cffca2154a830e6eff9c1d684603113dc,yes,terok,production-default,benchmarks/dietGMTKN55/production-p25/gapwxc-gth-one-center/60863b0cffca2154a830e6eff9c1d684603113dc/input.inp,49e416dcac0efaa8f719f91573b65bad2533ae85ee8eecfc7415376de8bd30e0,input.inp,49e416dcac0efaa8f719f91573b65bad2533ae85ee8eecfc7415376de8bd30e0,benchmarks/dietGMTKN55/production-p25/accepted-inputs/gapwxc-gth-one-center/60863b0cffca2154a830e6eff9c1d684603113dc/input.inp,exact,hash-verified-original-execution
gapwxc-gth-one-center,621284d5f3ce70544411e26ed9009691ff4edf41,yes,terok,production-default,benchmarks/dietGMTKN55/production-p25/gapwxc-gth-one-center/621284d5f3ce70544411e26ed9009691ff4edf41/input.inp,d86a9203679ba35332842afe717202481e8fefc5116fcdc8259154e954dd50b8,input.inp,d86a9203679ba35332842afe717202481e8fefc5116fcdc8259154e954dd50b8,benchmarks/dietGMTKN55/production-p25/accepted-inputs/gapwxc-gth-one-center/621284d5f3ce70544411e26ed9009691ff4edf41/input.inp,exact,hash-verified-original-execution
gapwxc-gth-one-center,621af83d7b3d093b4a76dde928dec390f192db8a,yes,terok,production-default,benchmarks/dietGMTKN55/production-p25/gapwxc-gth-one-center/621af83d7b3d093b4a76dde928dec390f192db8a/input.inp,54f3fda88a8c979fa70bdfdf704b940e8556e1742332f36ef9f401153f58554d,input.inp,54f3fda88a8c979fa70bdfdf704b940e8556e1742332f36ef9f401153f58554d,benchmarks/dietGMTKN55/production-p25/accepted-inputs/gapwxc-gth-one-center/621af83d7b3d093b4a76dde928dec390f192db8a/input.inp,exact,hash-verified-original-execution
gapwxc-gth-one-center,63e08227400676f3802f4e6ed0135f9c4d6edd18,yes,terok,production-default,benchmarks/dietGMTKN55/production-p25/gapwxc-gth-one-center/63e08227400676f3802f4e6ed0135f9c4d6edd18/input.inp,bce95100187bc8aa8283131f507c26800dbe1602f332b9966d06bcbe90829566,input.inp,bce95100187bc8aa8283131f507c26800dbe1602f332b9966d06bcbe90829566,benchmarks/dietGMTKN55/production-p25/accepted-inputs/gapwxc-gth-one-center/63e08227400676f3802f4e6ed0135f9c4d6edd18/input.inp,exact,hash-verified-original-execution
gapwxc-gth-one-center,651ecc9ccbeca0cef67c03d2225ceda039f08159,yes,terok,pbe-seeded-diis-full-all-75x10,benchmarks/dietGMTKN55/production-p25/gapwxc-gth-one-center/651ecc9ccbeca0cef67c03d2225ceda039f08159/input.inp,3b55386273c2721e575a64d8f825b77c52278f3379b8101e68e63a25b889e3cf,input.pbe-seeded.inp,b48d06971e0a47a0abe17b2dbdcf8a221badec8234e8b911872f82648b201f79,benchmarks/dietGMTKN55/production-p25/accepted-inputs/gapwxc-gth-one-center/651ecc9ccbeca0cef67c03d2225ceda039f08159/input.pbe-seeded.inp,exact,hash-verified-original-execution
gapwxc-gth-one-center,679fa1c9908420bac3aae7972cb26904f86c251d,yes,terok,production-default,benchmarks/dietGMTKN55/production-p25/gapwxc-gth-one-center/679fa1c9908420bac3aae7972cb26904f86c251d/input.inp,146a831d63ea3dd5991a67a5348df15e47b91439326de612b81c15382e05c876,input.inp,146a831d63ea3dd5991a67a5348df15e47b91439326de612b81c15382e05c876,benchmarks/dietGMTKN55/production-p25/accepted-inputs/gapwxc-gth-one-center/679fa1c9908420bac3aae7972cb26904f86c251d/input.inp,exact,hash-verified-original-execution
gapwxc-gth-one-center,6ace469ff04ff0a629ea3f0b39eac6351affc280,yes,terok,production-default,benchmarks/dietGMTKN55/production-p25/gapwxc-gth-one-center/6ace469ff04ff0a629ea3f0b39eac6351affc280/input.inp,e1e68527c06269f4428f0a046356629cfbd49bcdc674286dc0f494128e64a333,input.inp,e1e68527c06269f4428f0a046356629cfbd49bcdc674286dc0f494128e64a333,benchmarks/dietGMTKN55/production-p25/accepted-inputs/gapwxc-gth-one-center/6ace469ff04ff0a629ea3f0b39eac6351affc280/input.inp,exact,hash-verified-original-execution
gapwxc-gth-one-center,6eb5837bd43096d172cfe0312c108734ef617766,yes,terok,production-default,benchmarks/dietGMTKN55/production-p25/gapwxc-gth-one-center/6eb5837bd43096d172cfe0312c108734ef617766/input.inp,f586c5e324064963ddd643c369ef5945c82a40f8313ef4ed065c905193f158ed,input.inp,f586c5e324064963ddd643c369ef5945c82a40f8313ef4ed065c905193f158ed,benchmarks/dietGMTKN55/production-p25/accepted-inputs/gapwxc-gth-one-center/6eb5837bd43096d172cfe0312c108734ef617766/input.inp,exact,hash-verified-original-execution
gapwxc-gth-one-center,708eebb526373add81392939cf0489b859b510ee,yes,terok,production-default,benchmarks/dietGMTKN55/production-p25/gapwxc-gth-one-center/708eebb526373add81392939cf0489b859b510ee/input.inp,033818c7eac05ac244643ecfe0bcb0e182a2724c9cd840e8559cd6c7d85f813e,input.inp,033818c7eac05ac244643ecfe0bcb0e182a2724c9cd840e8559cd6c7d85f813e,benchmarks/dietGMTKN55/production-p25/accepted-inputs/gapwxc-gth-one-center/708eebb526373add81392939cf0489b859b510ee/input.inp,exact,hash-verified-original-execution
gapwxc-gth-one-center,708fa747c569e99cc639222823093a0efc951dba,yes,terok,production-default,benchmarks/dietGMTKN55/production-p25/gapwxc-gth-one-center/708fa747c569e99cc639222823093a0efc951dba/input.inp,13645371f77e2f824741c93d18295046e9f68b3b360959aaca6782cfed598cfd,input.inp,13645371f77e2f824741c93d18295046e9f68b3b360959aaca6782cfed598cfd,benchmarks/dietGMTKN55/production-p25/accepted-inputs/gapwxc-gth-one-center/708fa747c569e99cc639222823093a0efc951dba/input.inp,exact,hash-verified-original-execution
gapwxc-gth-one-center,748837810dd0b2eb7e91127ebb7055c1f91be0a9,yes,terok,production-default,benchmarks/dietGMTKN55/production-p25/gapwxc-gth-one-center/748837810dd0b2eb7e91127ebb7055c1f91be0a9/input.inp,f37fbd847cc705cc135894967007ddb5dcafb19a0635ff5566f8be95d87eb580,input.inp,f37fbd847cc705cc135894967007ddb5dcafb19a0635ff5566f8be95d87eb580,benchmarks/dietGMTKN55/production-p25/accepted-inputs/gapwxc-gth-one-center/748837810dd0b2eb7e91127ebb7055c1f91be0a9/input.inp,exact,hash-verified-original-execution
gapwxc-gth-one-center,7670a98481c4e9c2cf2ba472db6d97169c1272fa,yes,terok,production-default,benchmarks/dietGMTKN55/production-p25/gapwxc-gth-one-center/7670a98481c4e9c2cf2ba472db6d97169c1272fa/input.inp,a2d9643934f486d8f6d9d2dc9a414a412e09a297d5bf87a332c477162ced51c6,input.inp,a2d9643934f486d8f6d9d2dc9a414a412e09a297d5bf87a332c477162ced51c6,benchmarks/dietGMTKN55/production-p25/accepted-inputs/gapwxc-gth-one-center/7670a98481c4e9c2cf2ba472db6d97169c1272fa/input.inp,exact,hash-verified-original-execution
gapwxc-gth-one-center,768e0f05c8d058559c533f248d66f89ec38c5df4,yes,terok,production-default,benchmarks/dietGMTKN55/production-p25/gapwxc-gth-one-center/768e0f05c8d058559c533f248d66f89ec38c5df4/input.inp,1bf69ad3e743285f12d2a64377b10bc31bc85c2e23c305b41d557149127db96d,input.inp,1bf69ad3e743285f12d2a64377b10bc31bc85c2e23c305b41d557149127db96d,benchmarks/dietGMTKN55/production-p25/accepted-inputs/gapwxc-gth-one-center/768e0f05c8d058559c533f248d66f89ec38c5df4/input.inp,exact,hash-verified-original-execution
gapwxc-gth-one-center,7863511123b310f3010d4eba2aa225486bc12a0f,yes,terok,production-default,benchmarks/dietGMTKN55/production-p25/gapwxc-gth-one-center/7863511123b310f3010d4eba2aa225486bc12a0f/input.inp,681f4d2a2d296bd45ead5bb9f018540cf5f225758635d440eb3478011c23cbab,input.inp,681f4d2a2d296bd45ead5bb9f018540cf5f225758635d440eb3478011c23cbab,benchmarks/dietGMTKN55/production-p25/accepted-inputs/gapwxc-gth-one-center/7863511123b310f3010d4eba2aa225486bc12a0f/input.inp,exact,hash-verified-original-execution
gapwxc-gth-one-center,7a1098f5a417342f38da5fe3311bd9439699a5a5,yes,terok,production-default,benchmarks/dietGMTKN55/production-p25/gapwxc-gth-one-center/7a1098f5a417342f38da5fe3311bd9439699a5a5/input.inp,b1e0418f3edce491ecb10ed969dcb966f742f75a14229b2095161e7add409a47,input.inp,b1e0418f3edce491ecb10ed969dcb966f742f75a14229b2095161e7add409a47,benchmarks/dietGMTKN55/production-p25/accepted-inputs/gapwxc-gth-one-center/7a1098f5a417342f38da5fe3311bd9439699a5a5/input.inp,exact,hash-verified-original-execution
gapwxc-gth-one-center,7ef43e51468bbc7f8a04dbec6c4b4eb0bc8313e5,yes,terok,production-default,benchmarks/dietGMTKN55/production-p25/gapwxc-gth-one-center/7ef43e51468bbc7f8a04dbec6c4b4eb0bc8313e5/input.inp,16aca752a2455ec8b277e33003f21de164eae25feab681c593cf5a231a070a1c,input.inp,16aca752a2455ec8b277e33003f21de164eae25feab681c593cf5a231a070a1c,benchmarks/dietGMTKN55/production-p25/accepted-inputs/gapwxc-gth-one-center/7ef43e51468bbc7f8a04dbec6c4b4eb0bc8313e5/input.inp,exact,hash-verified-original-execution
gapwxc-gth-one-center,82ac7e589695617ece0a183bf49b244c8c4b4b95,yes,terok,production-default,benchmarks/dietGMTKN55/production-p25/gapwxc-gth-one-center/82ac7e589695617ece0a183bf49b244c8c4b4b95/input.inp,5119ba4c8953ae308324c766354a832950c28ad0b8bf846a6a821a790e4baf33,input.inp,5119ba4c8953ae308324c766354a832950c28ad0b8bf846a6a821a790e4baf33,benchmarks/dietGMTKN55/production-p25/accepted-inputs/gapwxc-gth-one-center/82ac7e589695617ece0a183bf49b244c8c4b4b95/input.inp,exact,hash-verified-original-execution
gapwxc-gth-one-center,83da159ee16fb489511bc50a76f6ea59b7e4fa48,yes,terok,production-default,benchmarks/dietGMTKN55/production-p25/gapwxc-gth-one-center/83da159ee16fb489511bc50a76f6ea59b7e4fa48/input.inp,dfe306eefc86eacd1ad37ad92de04ece3ec6042c56a61af5a27aabb39192f569,input.inp,dfe306eefc86eacd1ad37ad92de04ece3ec6042c56a61af5a27aabb39192f569,benchmarks/dietGMTKN55/production-p25/accepted-inputs/gapwxc-gth-one-center/83da159ee16fb489511bc50a76f6ea59b7e4fa48/input.inp,exact,hash-verified-original-execution
gapwxc-gth-one-center,853d65c3d0bfdcf390e2024faaba158f079e3eec,yes,terok,diis-full-all-clean-finalization,benchmarks/dietGMTKN55/production-p25/gapwxc-gth-one-center/853d65c3d0bfdcf390e2024faaba158f079e3eec/input.inp,702da2d8c9f3c89daa2932843226b66fcf4a7cc248a70da0510c72f1306efc83,input.verify.inp,d93508c3226d30ddb6765d6e111de6cdad7ade052fae2957a62a53d3f23d40d7,benchmarks/dietGMTKN55/production-p25/accepted-inputs/gapwxc-gth-one-center/853d65c3d0bfdcf390e2024faaba158f079e3eec/input.verify.inp,exact,hash-verified-original-execution
gapwxc-gth-one-center,88277c6d3a8b3e4424011d06c3a39b788db77778,yes,terok,production-default,benchmarks/dietGMTKN55/production-p25/gapwxc-gth-one-center/88277c6d3a8b3e4424011d06c3a39b788db77778/input.inp,0316053f4add85188fae9211d84157f70d7f437914bce7490486d1d36b5d5703,input.inp,0316053f4add85188fae9211d84157f70d7f437914bce7490486d1d36b5d5703,benchmarks/dietGMTKN55/production-p25/accepted-inputs/gapwxc-gth-one-center/88277c6d3a8b3e4424011d06c3a39b788db77778/input.inp,exact,hash-verified-original-execution
gapwxc-gth-one-center,90b1b6b6778f2fb658f77ece4e016bb2853bd50b,yes,terok,production-default,benchmarks/dietGMTKN55/production-p25/gapwxc-gth-one-center/90b1b6b6778f2fb658f77ece4e016bb2853bd50b/input.inp,96873a31fbcea55d7b041e8c2a59fd0f1a1a7ef766f4e8fb441bcf1250f6256e,input.inp,96873a31fbcea55d7b041e8c2a59fd0f1a1a7ef766f4e8fb441bcf1250f6256e,benchmarks/dietGMTKN55/production-p25/accepted-inputs/gapwxc-gth-one-center/90b1b6b6778f2fb658f77ece4e016bb2853bd50b/input.inp,exact,hash-verified-original-execution
gapwxc-gth-one-center,92eb753bd8b0ae7b2aa8c3ded064bb77f8762748,yes,terok,production-default,benchmarks/dietGMTKN55/production-p25/gapwxc-gth-one-center/92eb753bd8b0ae7b2aa8c3ded064bb77f8762748/input.inp,6b322358bff6b54fb1036c50f580bd12a628c1059662f38d33b762d0b0c7c4bb,input.inp,6b322358bff6b54fb1036c50f580bd12a628c1059662f38d33b762d0b0c7c4bb,benchmarks/dietGMTKN55/production-p25/accepted-inputs/gapwxc-gth-one-center/92eb753bd8b0ae7b2aa8c3ded064bb77f8762748/input.inp,exact,hash-verified-original-execution
gapwxc-gth-one-center,9465bd345ac96f1e593de38e9c171056e6e8c267,yes,terok,production-default,benchmarks/dietGMTKN55/production-p25/gapwxc-gth-one-center/9465bd345ac96f1e593de38e9c171056e6e8c267/input.inp,4b7016cda872752a5d6a63c6a2b0a40c74fed9c2a2c5484178d6314512bbacbe,input.inp,4b7016cda872752a5d6a63c6a2b0a40c74fed9c2a2c5484178d6314512bbacbe,benchmarks/dietGMTKN55/production-p25/accepted-inputs/gapwxc-gth-one-center/9465bd345ac96f1e593de38e9c171056e6e8c267/input.inp,exact,hash-verified-original-execution
gapwxc-gth-one-center,99a93a184770b8804dcff3b77948b4b18126fc3d,yes,terok,production-default,benchmarks/dietGMTKN55/production-p25/gapwxc-gth-one-center/99a93a184770b8804dcff3b77948b4b18126fc3d/input.inp,bc5e9d6be369a629f2a0741dd03706bb85a45a22f4cb2a94f1811242b97e309f,input.inp,bc5e9d6be369a629f2a0741dd03706bb85a45a22f4cb2a94f1811242b97e309f,benchmarks/dietGMTKN55/production-p25/accepted-inputs/gapwxc-gth-one-center/99a93a184770b8804dcff3b77948b4b18126fc3d/input.inp,exact,hash-verified-original-execution
gapwxc-gth-one-center,a7e2821cf5f9684bea0ab9801df6b1e25c584bfb,yes,terok,production-default,benchmarks/dietGMTKN55/production-p25/gapwxc-gth-one-center/a7e2821cf5f9684bea0ab9801df6b1e25c584bfb/input.inp,3b641fa9ba72e6c308a7f0ba0099483ea9657231d6394615192d40a5a6136792,input.inp,3b641fa9ba72e6c308a7f0ba0099483ea9657231d6394615192d40a5a6136792,benchmarks/dietGMTKN55/production-p25/accepted-inputs/gapwxc-gth-one-center/a7e2821cf5f9684bea0ab9801df6b1e25c584bfb/input.inp,exact,hash-verified-original-execution
gapwxc-gth-one-center,a88409979399d883da78a40a52125baa726310e0,yes,terok,production-default,benchmarks/dietGMTKN55/production-p25/gapwxc-gth-one-center/a88409979399d883da78a40a52125baa726310e0/input.inp,ecdbf2334c775fa83bea6e55f75c61f1d993c9e0243917cf9537a92a74593d6d,input.inp,ecdbf2334c775fa83bea6e55f75c61f1d993c9e0243917cf9537a92a74593d6d,benchmarks/dietGMTKN55/production-p25/accepted-inputs/gapwxc-gth-one-center/a88409979399d883da78a40a52125baa726310e0/input.inp,exact,hash-verified-original-execution
gapwxc-gth-one-center,ab9293770bb2f72584e212ffa648b9567da69388,yes,terok,production-default,benchmarks/dietGMTKN55/production-p25/gapwxc-gth-one-center/ab9293770bb2f72584e212ffa648b9567da69388/input.inp,b55dbb9431457b0dc2650fb5f0fbe8b693edbf88ce751eeebcf0c5584ce66469,input.inp,b55dbb9431457b0dc2650fb5f0fbe8b693edbf88ce751eeebcf0c5584ce66469,benchmarks/dietGMTKN55/production-p25/accepted-inputs/gapwxc-gth-one-center/ab9293770bb2f72584e212ffa648b9567da69388/input.inp,exact,hash-verified-original-execution
gapwxc-gth-one-center,b2e8baefa411a57e279734f1d9bf4e849d682871,yes,terok,production-default,benchmarks/dietGMTKN55/production-p25/gapwxc-gth-one-center/b2e8baefa411a57e279734f1d9bf4e849d682871/input.inp,8a987b7ae4f19a849ee7bbedc0bc9a2278b181cd47fa11e9faadb8cf4a46b385,input.inp,8a987b7ae4f19a849ee7bbedc0bc9a2278b181cd47fa11e9faadb8cf4a46b385,benchmarks/dietGMTKN55/production-p25/accepted-inputs/gapwxc-gth-one-center/b2e8baefa411a57e279734f1d9bf4e849d682871/input.inp,exact,hash-verified-original-execution
gapwxc-gth-one-center,b9fd326ed53567233bdbfdddd9e222bbe4a5ddd9,yes,terok,pbe-seeded-diis-full-all-75x10,benchmarks/dietGMTKN55/production-p25/gapwxc-gth-one-center/b9fd326ed53567233bdbfdddd9e222bbe4a5ddd9/input.inp,bb95b6f3da402a6e5aed852a2e6eb94f2a27e1ee7f6802bf3c73cd733c0bbfe2,input.pbe-seeded.inp,3497e5aa396b439454c712a9842ff387bf77cb6b9df079973124ce3df0cf83fe,benchmarks/dietGMTKN55/production-p25/accepted-inputs/gapwxc-gth-one-center/b9fd326ed53567233bdbfdddd9e222bbe4a5ddd9/input.pbe-seeded.inp,exact,hash-verified-original-execution
gapwxc-gth-one-center,c057e61d2d234c2afc4d54f39aa6a56272f50994,yes,terok,production-default,benchmarks/dietGMTKN55/production-p25/gapwxc-gth-one-center/c057e61d2d234c2afc4d54f39aa6a56272f50994/input.inp,1b0a31f5387ba405e1e0cba27e7de5e19f167a8c721995dc1a2b51bd208a0a9d,input.inp,1b0a31f5387ba405e1e0cba27e7de5e19f167a8c721995dc1a2b51bd208a0a9d,benchmarks/dietGMTKN55/production-p25/accepted-inputs/gapwxc-gth-one-center/c057e61d2d234c2afc4d54f39aa6a56272f50994/input.inp,exact,hash-verified-original-execution
gapwxc-gth-one-center,c31a98614228b6fa1ca598d538f53f15edc1e7f2,yes,terok,production-default,benchmarks/dietGMTKN55/production-p25/gapwxc-gth-one-center/c31a98614228b6fa1ca598d538f53f15edc1e7f2/input.inp,4265d6c442bf7dd38b933ae856e037b893d353eb5ee34836256fb3e7a3df4907,input.inp,4265d6c442bf7dd38b933ae856e037b893d353eb5ee34836256fb3e7a3df4907,benchmarks/dietGMTKN55/production-p25/accepted-inputs/gapwxc-gth-one-center/c31a98614228b6fa1ca598d538f53f15edc1e7f2/input.inp,exact,hash-verified-original-execution
gapwxc-gth-one-center,c3633f9e65350d139c6c3ad89da11a0c8c14e12d,yes,terok,production-default,benchmarks/dietGMTKN55/production-p25/gapwxc-gth-one-center/c3633f9e65350d139c6c3ad89da11a0c8c14e12d/input.inp,3e701555e666fb69e3af99be44284f3d3e1343bb0b3be6f4d8cb8b59eae0ceba,input.inp,3e701555e666fb69e3af99be44284f3d3e1343bb0b3be6f4d8cb8b59eae0ceba,benchmarks/dietGMTKN55/production-p25/accepted-inputs/gapwxc-gth-one-center/c3633f9e65350d139c6c3ad89da11a0c8c14e12d/input.inp,exact,hash-verified-original-execution
gapwxc-gth-one-center,c493f487fdbf38e9ef81bcdb348b7de9fc717cd6,yes,terok,production-default,benchmarks/dietGMTKN55/production-p25/gapwxc-gth-one-center/c493f487fdbf38e9ef81bcdb348b7de9fc717cd6/input.inp,2f07da20994dfca1f41737a4374118186cfa1629ef45172543d3b405ec80e46d,input.inp,2f07da20994dfca1f41737a4374118186cfa1629ef45172543d3b405ec80e46d,benchmarks/dietGMTKN55/production-p25/accepted-inputs/gapwxc-gth-one-center/c493f487fdbf38e9ef81bcdb348b7de9fc717cd6/input.inp,exact,hash-verified-original-execution
gapwxc-gth-one-center,c5e3267205bc0da9842625ac1a35c2d4873a0b89,yes,terok,pbe-seeded-diis-full-all-75x10,benchmarks/dietGMTKN55/production-p25/gapwxc-gth-one-center/c5e3267205bc0da9842625ac1a35c2d4873a0b89/input.inp,755d60032e72a0ca99764bd2e7a04ca52a4ea5c618a457ec8dd97481b1fce39f,input.pbe-seeded.inp,b48b6d8b7d981a1e7dd24b6a31970618af9fcb95083c26d69dc5de4d2885590d,benchmarks/dietGMTKN55/production-p25/accepted-inputs/gapwxc-gth-one-center/c5e3267205bc0da9842625ac1a35c2d4873a0b89/input.pbe-seeded.inp,exact,hash-verified-original-execution
gapwxc-gth-one-center,c730d6eb2a60aab6406b851c4ff91e472792a473,yes,terok,production-default,benchmarks/dietGMTKN55/production-p25/gapwxc-gth-one-center/c730d6eb2a60aab6406b851c4ff91e472792a473/input.inp,69fe7a5bf010c5fee5d950dd880ade2cf6141a0055d69c1ec6400dcb8c551297,input.inp,69fe7a5bf010c5fee5d950dd880ade2cf6141a0055d69c1ec6400dcb8c551297,benchmarks/dietGMTKN55/production-p25/accepted-inputs/gapwxc-gth-one-center/c730d6eb2a60aab6406b851c4ff91e472792a473/input.inp,exact,hash-verified-original-execution
gapwxc-gth-one-center,c8e5edfab7fc8e93fc4a4e661566e048772c8f34,yes,terok,production-default,benchmarks/dietGMTKN55/production-p25/gapwxc-gth-one-center/c8e5edfab7fc8e93fc4a4e661566e048772c8f34/input.inp,8450e5ce7b3a72facdce2fd50ff6bd0eb65131fd95a0323af87d18b3a566dfb8,input.inp,8450e5ce7b3a72facdce2fd50ff6bd0eb65131fd95a0323af87d18b3a566dfb8,benchmarks/dietGMTKN55/production-p25/accepted-inputs/gapwxc-gth-one-center/c8e5edfab7fc8e93fc4a4e661566e048772c8f34/input.inp,exact,hash-verified-original-execution
gapwxc-gth-one-center,cae8d4ef1c25ad4a871ee9af8721d855c34731ea,yes,terok,production-default,benchmarks/dietGMTKN55/production-p25/gapwxc-gth-one-center/cae8d4ef1c25ad4a871ee9af8721d855c34731ea/input.inp,3568ce497349fb21f04c6ec39b2d9a3cad61c4e5bb1000fe3565b12eb950175a,input.inp,3568ce497349fb21f04c6ec39b2d9a3cad61c4e5bb1000fe3565b12eb950175a,benchmarks/dietGMTKN55/production-p25/accepted-inputs/gapwxc-gth-one-center/cae8d4ef1c25ad4a871ee9af8721d855c34731ea/input.inp,exact,hash-verified-original-execution
gapwxc-gth-one-center,cb06d2a1d55acb75f8b039f41acbb3165684a9ef,yes,terok,production-default,benchmarks/dietGMTKN55/production-p25/gapwxc-gth-one-center/cb06d2a1d55acb75f8b039f41acbb3165684a9ef/input.inp,2d14a16761cc4ee987fe58015195762e0224e5af0464107a8a57e37845620b12,input.inp,2d14a16761cc4ee987fe58015195762e0224e5af0464107a8a57e37845620b12,benchmarks/dietGMTKN55/production-p25/accepted-inputs/gapwxc-gth-one-center/cb06d2a1d55acb75f8b039f41acbb3165684a9ef/input.inp,exact,hash-verified-original-execution
gapwxc-gth-one-center,ce7058c6744fbdf1d732dd3a0b1a9dc6c1923467,yes,terok,pbe-seeded-diis-full-all-75x10,benchmarks/dietGMTKN55/production-p25/gapwxc-gth-one-center/ce7058c6744fbdf1d732dd3a0b1a9dc6c1923467/input.inp,d806dcdc14d8b02ab2e3a2cd3be09e19b604601313284cc10a75b21d38286795,input.pbe-seeded.inp,4281f7cd857167dab3d928d16c24e0b5ed7505a35504882358b4264e293b7f81,benchmarks/dietGMTKN55/production-p25/accepted-inputs/gapwxc-gth-one-center/ce7058c6744fbdf1d732dd3a0b1a9dc6c1923467/input.pbe-seeded.inp,exact,hash-verified-original-execution
gapwxc-gth-one-center,d015b129baf65e034a905de13fd6ef5fe50174ee,yes,terok,production-default,benchmarks/dietGMTKN55/production-p25/gapwxc-gth-one-center/d015b129baf65e034a905de13fd6ef5fe50174ee/input.inp,6ef1537426777cc69cfd75ae381f442db88dd68d68f3cdd2cb3f1438f6233b91,input.inp,6ef1537426777cc69cfd75ae381f442db88dd68d68f3cdd2cb3f1438f6233b91,benchmarks/dietGMTKN55/production-p25/accepted-inputs/gapwxc-gth-one-center/d015b129baf65e034a905de13fd6ef5fe50174ee/input.inp,exact,hash-verified-original-execution
gapwxc-gth-one-center,d3bdfae074e1abf643535351c79e74139e0a4cd4,yes,terok,production-default,benchmarks/dietGMTKN55/production-p25/gapwxc-gth-one-center/d3bdfae074e1abf643535351c79e74139e0a4cd4/input.inp,e669552d60ea495ed8ac5cee8c74f106ee28a6f0889ef14471296c97f25bdc6f,input.inp,e669552d60ea495ed8ac5cee8c74f106ee28a6f0889ef14471296c97f25bdc6f,benchmarks/dietGMTKN55/production-p25/accepted-inputs/gapwxc-gth-one-center/d3bdfae074e1abf643535351c79e74139e0a4cd4/input.inp,exact,hash-verified-original-execution
gapwxc-gth-one-center,d6fdac5bc900901308ee0a72d54e7a8237f338fd,yes,terok,production-default,benchmarks/dietGMTKN55/production-p25/gapwxc-gth-one-center/d6fdac5bc900901308ee0a72d54e7a8237f338fd/input.inp,b0f7d9f58953afa528ea81028195d2c6fbc8b7a1d9863ceb9b4e3ed16b6b7d29,input.inp,b0f7d9f58953afa528ea81028195d2c6fbc8b7a1d9863ceb9b4e3ed16b6b7d29,benchmarks/dietGMTKN55/production-p25/accepted-inputs/gapwxc-gth-one-center/d6fdac5bc900901308ee0a72d54e7a8237f338fd/input.inp,exact,hash-verified-original-execution
gapwxc-gth-one-center,d929f727c595ea3611ab4140cbf80925b988a636,yes,terok,pbe-seeded-diis-full-all-75x10,benchmarks/dietGMTKN55/production-p25/gapwxc-gth-one-center/d929f727c595ea3611ab4140cbf80925b988a636/input.inp,13c5104e2cde90d90b8aca2537158021c6de77b4da03e7a0336c1d6f8deba0d5,input.pbe-seeded.inp,e23f5648344fe806816e49cdbb12a3ceb58e9f6bdfc974095847c6296f99373c,benchmarks/dietGMTKN55/production-p25/accepted-inputs/gapwxc-gth-one-center/d929f727c595ea3611ab4140cbf80925b988a636/input.pbe-seeded.inp,exact,hash-verified-original-execution
gapwxc-gth-one-center,e0c78392db4d94437b1488f94cda865b2abc2771,yes,terok,production-default,benchmarks/dietGMTKN55/production-p25/gapwxc-gth-one-center/e0c78392db4d94437b1488f94cda865b2abc2771/input.inp,b4aad78cd3b19020f9fa3e17f3ad9997e506a71255ded6c5a190034927cd6e2c,input.inp,b4aad78cd3b19020f9fa3e17f3ad9997e506a71255ded6c5a190034927cd6e2c,benchmarks/dietGMTKN55/production-p25/accepted-inputs/gapwxc-gth-one-center/e0c78392db4d94437b1488f94cda865b2abc2771/input.inp,exact,hash-verified-original-execution
gapwxc-gth-one-center,e4c70d8e604f01bf855b7f9591344fa541d89bf5,yes,terok,production-default,benchmarks/dietGMTKN55/production-p25/gapwxc-gth-one-center/e4c70d8e604f01bf855b7f9591344fa541d89bf5/input.inp,8b3a71a2fd9c26670cf3c561739caf58764bde5d1aa98c4ea665c398f96e5ad1,input.inp,8b3a71a2fd9c26670cf3c561739caf58764bde5d1aa98c4ea665c398f96e5ad1,benchmarks/dietGMTKN55/production-p25/accepted-inputs/gapwxc-gth-one-center/e4c70d8e604f01bf855b7f9591344fa541d89bf5/input.inp,exact,hash-verified-original-execution
gapwxc-gth-one-center,e669e0db73bcc3cec7d15c6d1d3b6310cff0ec42,yes,terok,diis-full-all-clean-finalization,benchmarks/dietGMTKN55/production-p25/gapwxc-gth-one-center/e669e0db73bcc3cec7d15c6d1d3b6310cff0ec42/input.inp,0b32989e9ec79313d17f05f478dbf8b27af50eae5dc0090e4d5dca61071a944a,input.verify.inp,c9e23fd2aa2ef9bc723a202551da7b137b05c360e1f1bf841339303af47f211c,benchmarks/dietGMTKN55/production-p25/accepted-inputs/gapwxc-gth-one-center/e669e0db73bcc3cec7d15c6d1d3b6310cff0ec42/input.verify.inp,exact,hash-verified-original-execution
gapwxc-gth-one-center,e7f3bc30d95e5585b7c90668756b9828509b2079,yes,terok,production-default,benchmarks/dietGMTKN55/production-p25/gapwxc-gth-one-center/e7f3bc30d95e5585b7c90668756b9828509b2079/input.inp,35280dfb9b95c8e24d2d4d0ea3dc87e22c949db9e86b2ee97a13240c6f5759df,input.inp,35280dfb9b95c8e24d2d4d0ea3dc87e22c949db9e86b2ee97a13240c6f5759df,benchmarks/dietGMTKN55/production-p25/accepted-inputs/gapwxc-gth-one-center/e7f3bc30d95e5585b7c90668756b9828509b2079/input.inp,exact,hash-verified-original-execution
gapwxc-gth-one-center,eab10abc0d1f2d392ceb7e382c2bfed902810c08,yes,terok,production-default,benchmarks/dietGMTKN55/production-p25/gapwxc-gth-one-center/eab10abc0d1f2d392ceb7e382c2bfed902810c08/input.inp,afbc7d8ffd5fb22292a43c3ad1939d5e8eaa90e5fbe94b6a402076ff9e04ff2a,input.inp,afbc7d8ffd5fb22292a43c3ad1939d5e8eaa90e5fbe94b6a402076ff9e04ff2a,benchmarks/dietGMTKN55/production-p25/accepted-inputs/gapwxc-gth-one-center/eab10abc0d1f2d392ceb7e382c2bfed902810c08/input.inp,exact,hash-verified-original-execution
gapwxc-gth-one-center,f03c2e7e45375b6c6b716494a7d62ea791ed0c12,yes,terok,production-default,benchmarks/dietGMTKN55/production-p25/gapwxc-gth-one-center/f03c2e7e45375b6c6b716494a7d62ea791ed0c12/input.inp,efd8ef5e805e3e2f017564a44f977f91dc9c39dc45b2153fc5dc51492c79fa7c,input.inp,efd8ef5e805e3e2f017564a44f977f91dc9c39dc45b2153fc5dc51492c79fa7c,benchmarks/dietGMTKN55/production-p25/accepted-inputs/gapwxc-gth-one-center/f03c2e7e45375b6c6b716494a7d62ea791ed0c12/input.inp,exact,hash-verified-original-execution
gapwxc-gth-one-center,f1adf6178a9f4598a711045555ede9b92ad6fc80,yes,terok,pbe-seeded-diis-full-all-75x10,benchmarks/dietGMTKN55/production-p25/gapwxc-gth-one-center/f1adf6178a9f4598a711045555ede9b92ad6fc80/input.inp,bf4c20252f01ccb4e462a58aa678555baccd13129d1532950d274ed50b0e3a3d,input.pbe-seeded.inp,786fa2c0930580ff73049391df6b44199aebdeecc29f0935a428a3d22d39edf9,benchmarks/dietGMTKN55/production-p25/accepted-inputs/gapwxc-gth-one-center/f1adf6178a9f4598a711045555ede9b92ad6fc80/input.pbe-seeded.inp,exact,hash-verified-original-execution
gapwxc-gth-one-center,f40696896801f4b15dc671a91955fe5de607d829,yes,terok,production-default,benchmarks/dietGMTKN55/production-p25/gapwxc-gth-one-center/f40696896801f4b15dc671a91955fe5de607d829/input.inp,743f09a8f91c68fc50092f14a2e51a61d882dbb2e4d74d78187b3605219b667a,input.inp,743f09a8f91c68fc50092f14a2e51a61d882dbb2e4d74d78187b3605219b667a,benchmarks/dietGMTKN55/production-p25/accepted-inputs/gapwxc-gth-one-center/f40696896801f4b15dc671a91955fe5de607d829/input.inp,exact,hash-verified-original-execution
gapwxc-gth-one-center,f539e6c9a52a881fdd9cc6018b7b03df2f6d56e3,yes,terok,production-default,benchmarks/dietGMTKN55/production-p25/gapwxc-gth-one-center/f539e6c9a52a881fdd9cc6018b7b03df2f6d56e3/input.inp,4845501340cde8ae9f7954acc2e2a734cd43c606ecbc891764ebdfe8574909a0,input.inp,4845501340cde8ae9f7954acc2e2a734cd43c606ecbc891764ebdfe8574909a0,benchmarks/dietGMTKN55/production-p25/accepted-inputs/gapwxc-gth-one-center/f539e6c9a52a881fdd9cc6018b7b03df2f6d56e3/input.inp,exact,hash-verified-original-execution
gapwxc-gth-one-center,f6b39f475871022c2c55f1b0925efb6323574104,yes,terok,production-default,benchmarks/dietGMTKN55/production-p25/gapwxc-gth-one-center/f6b39f475871022c2c55f1b0925efb6323574104/input.inp,3be518e6259978cb3dd1c350750f29e934bfbf1e66d888bd7768634ee22673bd,input.inp,3be518e6259978cb3dd1c350750f29e934bfbf1e66d888bd7768634ee22673bd,benchmarks/dietGMTKN55/production-p25/accepted-inputs/gapwxc-gth-one-center/f6b39f475871022c2c55f1b0925efb6323574104/input.inp,exact,hash-verified-original-execution
gapwxc-gth-one-center,f8060f0d3916b0225e52f85ab2a76ad4bf7bcad5,yes,terok,production-default,benchmarks/dietGMTKN55/production-p25/gapwxc-gth-one-center/f8060f0d3916b0225e52f85ab2a76ad4bf7bcad5/input.inp,b96b38ae8faf775787acf5494dc410b447c109b369364d69c3682c3a38214e0a,input.inp,b96b38ae8faf775787acf5494dc410b447c109b369364d69c3682c3a38214e0a,benchmarks/dietGMTKN55/production-p25/accepted-inputs/gapwxc-gth-one-center/f8060f0d3916b0225e52f85ab2a76ad4bf7bcad5/input.inp,exact,hash-verified-original-execution
gapwxc-gth-one-center,f8f2560bccbc0c94912b83fb05b07a27c4587ded,yes,terok,production-default,benchmarks/dietGMTKN55/production-p25/gapwxc-gth-one-center/f8f2560bccbc0c94912b83fb05b07a27c4587ded/input.inp,cad7f42bcae6cf84c29dd81a9e427e121127186816903d42eb4b74ebb343284b,input.inp,cad7f42bcae6cf84c29dd81a9e427e121127186816903d42eb4b74ebb343284b,benchmarks/dietGMTKN55/production-p25/accepted-inputs/gapwxc-gth-one-center/f8f2560bccbc0c94912b83fb05b07a27c4587ded/input.inp,exact,hash-verified-original-execution
gapwxc-gth-one-center,fa8d7862859673d50baebca5ed2ed6b199ee4452,yes,terok,production-default,benchmarks/dietGMTKN55/production-p25/gapwxc-gth-one-center/fa8d7862859673d50baebca5ed2ed6b199ee4452/input.inp,0d4f6324e802c58d7a6ef1fe52e22ff88e10da653eaefd57b974ee3b533b30c9,input.inp,0d4f6324e802c58d7a6ef1fe52e22ff88e10da653eaefd57b974ee3b533b30c9,benchmarks/dietGMTKN55/production-p25/accepted-inputs/gapwxc-gth-one-center/fa8d7862859673d50baebca5ed2ed6b199ee4452/input.inp,exact,hash-verified-original-execution
gapwxc-gth-one-center,faf14c62104664adda7193cfdd9845b92f0fcc04,yes,terok,production-default,benchmarks/dietGMTKN55/production-p25/gapwxc-gth-one-center/faf14c62104664adda7193cfdd9845b92f0fcc04/input.inp,5555d64ee5ce361e103c1609008b9eb69e2ec7da87229e594c64dd788e05bc22,input.inp,5555d64ee5ce361e103c1609008b9eb69e2ec7da87229e594c64dd788e05bc22,benchmarks/dietGMTKN55/production-p25/accepted-inputs/gapwxc-gth-one-center/faf14c62104664adda7193cfdd9845b92f0fcc04/input.inp,exact,hash-verified-original-execution
gapwxc-gth-one-center,fc7b7a815ecba9239a59df1bafebb4a71091693e,yes,terok,production-default,benchmarks/dietGMTKN55/production-p25/gapwxc-gth-one-center/fc7b7a815ecba9239a59df1bafebb4a71091693e/input.inp,5f335938573de9fc969de6829e5acfe7bcb816e1243bb36be28e809004f7de18,input.inp,5f335938573de9fc969de6829e5acfe7bcb816e1243bb36be28e809004f7de18,benchmarks/dietGMTKN55/production-p25/accepted-inputs/gapwxc-gth-one-center/fc7b7a815ecba9239a59df1bafebb4a71091693e/input.inp,exact,hash-verified-original-execution
gapwxc-gth-one-center,ff65e525b750e13bf9ea5186a2a4dfd6ffcd8472,yes,terok,production-default,benchmarks/dietGMTKN55/production-p25/gapwxc-gth-one-center/ff65e525b750e13bf9ea5186a2a4dfd6ffcd8472/input.inp,388879853821c14825597d5466861ed86a5fa028fb48d388fdb9ae0c62718c47,input.inp,388879853821c14825597d5466861ed86a5fa028fb48d388fdb9ae0c62718c47,benchmarks/dietGMTKN55/production-p25/accepted-inputs/gapwxc-gth-one-center/ff65e525b750e13bf9ea5186a2a4dfd6ffcd8472/input.inp,exact,hash-verified-original-execution
