route,digest,total_energy_ha,dispersion_energy_ha,skala_xc_energy_ha,composite_electrons,scf_steps,host,job,started,variant,wall_time,max_rss_kb,actual_input_sha256,accepted_input,accepted_input_availability
gapwxc-gth-one-center,00333493a55a481e863241b5357e055f4054bb24,-19.899419432294152,-0.00075258917085,-4.9105992176536848E+00,9.9999987523499989E+00,49,spark,tmux,2026-08-25T06:29:20+02:00,production-default,12:34.86,30981296,3b129422d901815b88077c0af014cc7b6c926d1b72209033e55459df03c972eb,benchmarks/dietGMTKN55/production-p25/accepted-inputs/gapwxc-gth-one-center/00333493a55a481e863241b5357e055f4054bb24/input.inp,exact
gapwxc-gth-one-center,01f6f1691583cf2bf57ab1ea88c92322018b4dde,-1.173335832148400,-0.00014243915600,-6.9865173226708732E-01,1.9999995897546563E+00,11,spark,tmux,2026-08-25T06:41:55+02:00,production-default,2:26.54,27788488,52c9afc36f0f1a420a1984dc796cd538167440e0921fcd128869dce676321b0e,benchmarks/dietGMTKN55/production-p25/accepted-inputs/gapwxc-gth-one-center/01f6f1691583cf2bf57ab1ea88c92322018b4dde/input.inp,exact
gapwxc-gth-one-center,02691b7f604e1f85ca698912104dfdf0724c5691,-39.160791208561818,-0.00072451984174,-7.5251620815380891E+00,1.3999997036063720E+01,25,terok,tmux,,production-default,12:29.31,25192700,51b9fc42666932b8f5603a2273408bcb1f5772fbcaa629c3c2f7f07d86ca9d15,benchmarks/dietGMTKN55/production-p25/accepted-inputs/gapwxc-gth-one-center/02691b7f604e1f85ca698912104dfdf0724c5691/input.inp,exact
gapwxc-gth-one-center,0281f91ab5c4e8292ef61cb99f55e1efc9cb90d6,-14.924438530849308,,-2.8605121878577355E+00,6.9999999967383104E+00,33,terok,tmux,,production-default,27:06.83,27763956,3f2bc450175b48766cac5378ea3c8d0b1d5b46ba92ba13a72cca65ca3f4e8e01,benchmarks/dietGMTKN55/production-p25/accepted-inputs/gapwxc-gth-one-center/0281f91ab5c4e8292ef61cb99f55e1efc9cb90d6/input.inp,exact
gapwxc-gth-one-center,0367553db31d820e3397cf573195e979e8a23842,-8.076991102252691,-0.00191378090635,-3.1780968161801382E+00,8.0000018807591040E+00,15,terok,tmux,,production-default,33:50.31,32642228,4d879c986e9641688c8c62045894750c685b8bcf0a0b9371fda73462c8eef6ca,benchmarks/dietGMTKN55/production-p25/accepted-inputs/gapwxc-gth-one-center/0367553db31d820e3397cf573195e979e8a23842/input.inp,exact
gapwxc-gth-one-center,0530e9dc2c122968e5f4da5285d7a524c3567d9f,-21.204326692582764,-0.00643198534630,-5.2789053404030124E+00,1.5999999947697198E+01,72,terok,tmux,,production-default,1:23:48,36730052,4acdfab822dd7c668c1c422450d10322c1f0b55ddbebb36fbbb43841b7991007,benchmarks/dietGMTKN55/production-p25/accepted-inputs/gapwxc-gth-one-center/0530e9dc2c122968e5f4da5285d7a524c3567d9f/input.inp,exact
gapwxc-gth-one-center,053d252e4457117cde6b791ea1b292d848da0bc6,-42.460999666145199,-0.02420342037504,-1.5579630957103761E+01,3.8000010381331016E+01,33,rosi,494912,2026-08-25T11:16:51+02:00,production-default,47:34.82,29621176,f9f01911a2e30f6d26f9c8afeee2db426e391a70bacb6f88ebe486cd7e99f7f6,benchmarks/dietGMTKN55/production-p25/accepted-inputs/gapwxc-gth-one-center/053d252e4457117cde6b791ea1b292d848da0bc6/input.inp,exact
gapwxc-gth-one-center,08fab3d02b918e6d2460f05d048b7dc5babf1f73,-95.153744228193574,-0.05289155075179,-3.0074576251012765E+01,7.0000044894300416E+01,170,rosi,495765,2026-08-25T13:57:31+02:00,production-default,5:55:29,33020120,7e1e14df884b59a15518ec7e8a5c149cecc7b9c538abb015d97a8de3c6ab5279,benchmarks/dietGMTKN55/production-p25/accepted-inputs/gapwxc-gth-one-center/08fab3d02b918e6d2460f05d048b7dc5babf1f73/input.inp,exact
gapwxc-gth-one-center,0baf9de9479b8276905c82d926f639d334a9c5da,-7.179547047221463,-0.00314600643735,-2.3354236036063476E+00,7.9999998125753766E+00,10,spark,tmux,2026-08-27T01:23:04+02:00,diis-full-all-75x10-wfn-restart,3:00.10,38654740,606376d1ddd598452e6215a678f76650c2aace35c95b17861adfc2e53b9bbef8,benchmarks/dietGMTKN55/production-p25/accepted-inputs/gapwxc-gth-one-center/0baf9de9479b8276905c82d926f639d334a9c5da/input.diis.restart.inp,exact
gapwxc-gth-one-center,0c17607b97ab257b6f7951e919f1f90e69e31020,-124.372893868412177,-0.05294169499018,-3.7275084415072925E+01,8.1999987367782865E+01,156,rosi,497042,2026-08-26T08:39:20+02:00,production-default,9:05:46,35160180,128122de0f5af794fd30c005aa0c6fe0c0ed7b29072bc173abcdf172ae7d8315,benchmarks/dietGMTKN55/production-p25/accepted-inputs/gapwxc-gth-one-center/0c17607b97ab257b6f7951e919f1f90e69e31020/input.inp,exact
gapwxc-gth-one-center,0f03197fec0dc9007b036b064aee41ac211bbcff,-129.641796100351002,-0.06430464866250,-3.8711338697570262E+01,8.5999849386136432E+01,88,rosi,497007,2026-08-26T05:42:33+02:00,production-default,3:53:45,35099108,ef067fe6f19199a28c174cb5dbad4701a44407ea4fcf75f23359948a78316582,benchmarks/dietGMTKN55/production-p25/accepted-inputs/gapwxc-gth-one-center/0f03197fec0dc9007b036b064aee41ac211bbcff/input.inp,exact
gapwxc-gth-one-center,11779ff88d6df48af3086aa37cc4b17b3f90d139,-14.947062495337560,-0.00540442060338,-5.6714695364791137E+00,1.3999990427470633E+01,24,terok,tmux,,production-default,44:03.12,35498780,1347bda42ddce26a1c44f24ed910d8c3f3503e855b0bc68782b8a2baf2742aef,benchmarks/dietGMTKN55/production-p25/accepted-inputs/gapwxc-gth-one-center/11779ff88d6df48af3086aa37cc4b17b3f90d139/input.inp,exact
gapwxc-gth-one-center,118202f023704920e2c278331937bf9573801016,-65.808595527444155,-0.02230584363831,-1.9927567708305705E+01,4.4000007245198546E+01,27,rosi,494892,2026-08-25T11:04:52+02:00,production-default,45:47.77,29735136,328b344a32ec274d17eda1a2b93dfe46d90963fc084e0c8041c35c7a692febaf,benchmarks/dietGMTKN55/production-p25/accepted-inputs/gapwxc-gth-one-center/118202f023704920e2c278331937bf9573801016/input.inp,exact
gapwxc-gth-one-center,11c498e1486ad4e4b9852c773a940bbaa39fd209,-35.608190598999599,-0.01314609750912,-1.1234003078497178E+01,2.5999986048718725E+01,28,terok,tmux,,production-default,55:35.66,34355268,850aebd40dda0e262118ea8980794c0b4242a93bfc745283ff66c525448932cb,benchmarks/dietGMTKN55/production-p25/accepted-inputs/gapwxc-gth-one-center/11c498e1486ad4e4b9852c773a940bbaa39fd209/input.inp,exact
gapwxc-gth-one-center,135e34e684a41161eccc29e236b369093fceffcd,-16.596469052210839,-0.00024581438871,-4.0809556400967368E+00,7.9999984163805156E+00,19,terok,tmux,,production-default,12:31.20,22489796,d0eb1a35b8a971488121ca91f56c4eabe85a56188571dc94b100e1647e96c240,benchmarks/dietGMTKN55/production-p25/accepted-inputs/gapwxc-gth-one-center/135e34e684a41161eccc29e236b369093fceffcd/input.inp,exact
gapwxc-gth-one-center,14641cd6bddcceee4f43c1174e4e4e6d8a9327ed,-35.308553750211075,-0.00139584164516,-7.8735481224869552E+00,1.3999998113479590E+01,26,terok,tmux,,production-default,46:46.77,28719284,c02b2a78b7cb4326978e838c860074ff3a9b28051df29597083864b9d8c2727d,benchmarks/dietGMTKN55/production-p25/accepted-inputs/gapwxc-gth-one-center/14641cd6bddcceee4f43c1174e4e4e6d8a9327ed/input.inp,exact
gapwxc-gth-one-center,15f02decc3f313284dac945c91fee816c5f794be,-33.341578255669049,-0.00429064206675,-8.7723121189896069E+00,1.7999997427839549E+01,39,terok,tmux,,production-default,1:05:15,30617352,3c6194cbbb400770b043cbbfb76c5048bc4a91b2c34f25892f82e1dc15d024ed,benchmarks/dietGMTKN55/production-p25/accepted-inputs/gapwxc-gth-one-center/15f02decc3f313284dac945c91fee816c5f794be/input.inp,exact
gapwxc-gth-one-center,17748df2a4fce8ae29edeb5c18b5319d60279d1b,-42.461896069244915,-0.02657610741841,-1.5581903857802537E+01,3.7999941959141161E+01,29,rosi,494956,2026-08-25T11:50:43+02:00,production-default,47:16.03,28653356,ed13a7bfdb8a69ec9033fac1a2fadb253fd7784a75d9540eaba931903f5fbf8f,benchmarks/dietGMTKN55/production-p25/accepted-inputs/gapwxc-gth-one-center/17748df2a4fce8ae29edeb5c18b5319d60279d1b/input.inp,exact
gapwxc-gth-one-center,17b142e759510636be3697cb6b5163474d65f866,-47.036734572311687,-0.01526111085787,-1.3643133269126276E+01,2.9999979794099712E+01,46,terok,tmux,,production-default,1:36:48,36477264,8f55a78ca27e03f6c927db46d032ddadfeab933b2762e3081d54e6d10ba5ff79,benchmarks/dietGMTKN55/production-p25/accepted-inputs/gapwxc-gth-one-center/17b142e759510636be3697cb6b5163474d65f866/input.inp,exact
gapwxc-gth-one-center,18523213f9133ced8440d2c7b30dcb631edfce6f,-42.460509517172163,-0.02483965916051,-1.5580893749096386E+01,3.8000042189814579E+01,30,rosi,494967,2026-08-25T11:59:31+02:00,production-default,44:29.79,28721140,7f53a9f92b3d15fff686864d1fff6cfba62175e839f2e13e00aeed26a1c6e695,benchmarks/dietGMTKN55/production-p25/accepted-inputs/gapwxc-gth-one-center/18523213f9133ced8440d2c7b30dcb631edfce6f/input.inp,exact
gapwxc-gth-one-center,189780f73db1c85a8b69d2208190f3b7476ac17d,-60.739422281070482,-0.01887427199014,-1.7670377427469941E+01,3.8000015578403151E+01,27,spark,tmux,2026-08-25T21:58:27+02:00,production-default,22:51.53,40559352,de6d2380803ec1605a320b0ad6d39cb2b89ca19a1176facd88867f9935f386d1,benchmarks/dietGMTKN55/production-p25/accepted-inputs/gapwxc-gth-one-center/189780f73db1c85a8b69d2208190f3b7476ac17d/input.inp,exact
gapwxc-gth-one-center,191c805e603e7c8399fb3cafdfe960cdd59edb3e,-35.279820241581348,-0.01534867203027,-1.0547438746507694E+01,2.5999997973888512E+01,25,terok,tmux,,production-default,47:05.10,34412648,2801d639e21eabf4a17e2b85bfbcc11a6952556212980090804247ffc590eb23,benchmarks/dietGMTKN55/production-p25/accepted-inputs/gapwxc-gth-one-center/191c805e603e7c8399fb3cafdfe960cdd59edb3e/input.inp,exact
gapwxc-gth-one-center,1a4956f574431353b99ec57c7061439a7520f4aa,-48.942172378785322,-0.03150633562445,-1.5405314709481699E+01,3.7999980126204001E+01,39,spark,tmux,2026-08-25T09:48:00+02:00,production-default,30:31.04,40604280,9f8b4577b44d0a56b524678f344b3a3c140b456123ddd986905a064f570b0f9c,benchmarks/dietGMTKN55/production-p25/accepted-inputs/gapwxc-gth-one-center/1a4956f574431353b99ec57c7061439a7520f4aa/input.inp,exact
gapwxc-gth-one-center,1ba84d2e8e24eb3d2474ff5344fd5572a5e29d98,-11.741768665889998,-0.00121954731063,-3.6297879729447247E+00,7.9999983125215275E+00,14,terok,tmux,,production-default,20:36.04,28714748,738bd6044a4aecbf7dad456f16ab758ebafa107e70ad6f941fd335ebcc76c1e1,benchmarks/dietGMTKN55/production-p25/accepted-inputs/gapwxc-gth-one-center/1ba84d2e8e24eb3d2474ff5344fd5572a5e29d98/input.inp,exact
gapwxc-gth-one-center,1e98e5428039d926bcd2f3279b449c25eb96ffbf,-42.459763186796330,-0.02552019003443,-1.5582382454849260E+01,3.7999973906589730E+01,26,rosi,494969,2026-08-25T12:04:29+02:00,production-default,44:32.30,28777200,ef0752d8dcccc7b8c0119639cb65a6c3ed068e101d4918aaacd564e9793e3a69,benchmarks/dietGMTKN55/production-p25/accepted-inputs/gapwxc-gth-one-center/1e98e5428039d926bcd2f3279b449c25eb96ffbf/input.inp,exact
gapwxc-gth-one-center,201f3e4ae68c81514a7a6f7ac49fdc15588c08d6,-92.267132040976534,-0.06049750381760,-3.0230296606215337E+01,7.1999972858309690E+01,178,rosi,496547,2026-08-25T19:30:20+02:00,production-default,7:27:14,33800100,4d6eb7db86376d2061c5ec0118fcb83c70a9bda175f494b67b35885ebcb84801,benchmarks/dietGMTKN55/production-p25/accepted-inputs/gapwxc-gth-one-center/201f3e4ae68c81514a7a6f7ac49fdc15588c08d6/input.inp,exact
gapwxc-gth-one-center,203a52bb521920877256c0061ef54cff18be3a82,-22.466259885034450,-0.00382879911594,-5.7306815548268863E+00,1.3999998774219966E+01,68,terok,tmux,,production-default,2:07:22,32651928,a2ac9a3573e8a4fb4650813182c5ff7b1538fe6dcc67866aab0222fd4f8f9467,benchmarks/dietGMTKN55/production-p25/accepted-inputs/gapwxc-gth-one-center/203a52bb521920877256c0061ef54cff18be3a82/input.inp,exact
gapwxc-gth-one-center,2151c2305deffd59be77cc29782cccdf1af02ce5,-69.321435497375504,-0.00713682345586,-1.7148508872712569E+01,3.1999995586772890E+01,28,spark,tmux,2026-08-26T07:21:15+02:00,production-default,21:31.87,42024464,3f31f1ad68de1f7bc2e4d049e268d8f8f34fdb340a28e11c062bd4459a51fcc5,benchmarks/dietGMTKN55/production-p25/accepted-inputs/gapwxc-gth-one-center/2151c2305deffd59be77cc29782cccdf1af02ce5/input.inp,exact
gapwxc-gth-one-center,23c21afd51af656dfc21c45a5fd9d158c6cfea77,-77.040926676483863,-0.01965956910456,-2.0446384771595977E+01,4.2000000895842440E+01,96,terok,tmux,,production-default,3:35:56,35385104,802f206c6087478f67c50e107a702c4962ab008f350caad40d98a35c330aab3c,benchmarks/dietGMTKN55/production-p25/accepted-inputs/gapwxc-gth-one-center/23c21afd51af656dfc21c45a5fd9d158c6cfea77/input.inp,exact
gapwxc-gth-one-center,24426123c875445d526a5a025bb45206264f57d8,-11.741739619234169,-0.00121948875467,-3.6286423642942305E+00,7.9999971567906467E+00,15,terok,tmux,,production-default,23:30.18,28762700,7262f8b6ab4b66501309b11b95fb378ef8ec00288ee27c8655a5e427b910bfb3,benchmarks/dietGMTKN55/production-p25/accepted-inputs/gapwxc-gth-one-center/24426123c875445d526a5a025bb45206264f57d8/input.inp,exact
gapwxc-gth-one-center,2a021c86e3afb89152aff26754e4f5b2971a7ca4,-50.921853960160206,-0.00431779596529,-1.1165107880279606E+01,2.1999998033117180E+01,40,terok,tmux,,production-default,1:13:00,34734724,f0a3d792a7e890ccb728ac36de6d34cdff81d5d14949817fb15f9ac53ac3a636,benchmarks/dietGMTKN55/production-p25/accepted-inputs/gapwxc-gth-one-center/2a021c86e3afb89152aff26754e4f5b2971a7ca4/input.inp,exact
gapwxc-gth-one-center,2c1aa358634e83f4cc5c556da4418f5f4072cc19,-11.739949530704118,-0.00121975040308,-3.6034675674360201E+00,7.9999979751065933E+00,16,terok,tmux,,production-default,21:11.39,28755720,68c2a35a57a5c7b2c05d97daf6287e9954d0612e2fb2d630fcc61a0f944f8a39,benchmarks/dietGMTKN55/production-p25/accepted-inputs/gapwxc-gth-one-center/2c1aa358634e83f4cc5c556da4418f5f4072cc19/input.inp,exact
gapwxc-gth-one-center,2cdae551874911a8df2b69cf0bb5556657afa4c8,-48.133083821981607,-0.03105467779841,-1.7334531999532793E+01,4.2000002647513277E+01,44,rosi,495111,2026-08-25T12:38:04+02:00,production-default,1:10:27,28823748,9728ce1f4cc6a8fb2f4cfe8762b044cb17eb9750bc1052495f3f2cbcc8a2d2fa,benchmarks/dietGMTKN55/production-p25/accepted-inputs/gapwxc-gth-one-center/2cdae551874911a8df2b69cf0bb5556657afa4c8/input.inp,exact
gapwxc-gth-one-center,2d569978edf598265481ff3d976f1aa692b01741,-43.661296799310392,-0.02465824505707,-1.6260447206112026E+01,4.0000049754702225E+01,33,rosi,495138,2026-08-25T12:49:04+02:00,production-default,1:02:08,28169508,aa193ce007971eda0172f47d7160a54a32c5e674e8d888063cbe655ccd0f3993,benchmarks/dietGMTKN55/production-p25/accepted-inputs/gapwxc-gth-one-center/2d569978edf598265481ff3d976f1aa692b01741/input.inp,exact
gapwxc-gth-one-center,2f4f855e3251762c1b915e3eaad24514a93209fd,-6.490086507069568,,-1.6115793052761873E+00,4.9999998499243290E+00,169,spark,tmux,2026-08-25T02:37:22+02:00,production-default,59:24.96,35186020,d87a6e7c217e7286b7e7b1de266ebb037d89c7b08804c59354539b17c3850e4f,benchmarks/dietGMTKN55/production-p25/accepted-inputs/gapwxc-gth-one-center/2f4f855e3251762c1b915e3eaad24514a93209fd/input.inp,exact
gapwxc-gth-one-center,2f8ea2b3daa2857c783213cbcc3ade308b22b7e8,-45.634618484237343,-0.02390218991543,-1.5701423280440665E+01,3.7999991469544753E+01,39,rosi,494558,2026-08-25T08:25:57+02:00,production-default,58:57.58,29621216,e4714c010495e60715d280c2f3a5e35950099f54c1fff779d491bd8609b6b61e,benchmarks/dietGMTKN55/production-p25/accepted-inputs/gapwxc-gth-one-center/2f8ea2b3daa2857c783213cbcc3ade308b22b7e8/input.inp,exact
gapwxc-gth-one-center,31c8c54e1ec7ae583a5b293004eec5aacb18d039,-37.626626805637521,-0.01894286622223,-1.2489472445264234E+01,3.0000018272988154E+01,40,terok,tmux,,production-default,1:53:56,32629340,72b002a189e6dfa6c134f885d0ded4347554c537703aee24f7d76702235c1f9e,benchmarks/dietGMTKN55/production-p25/accepted-inputs/gapwxc-gth-one-center/31c8c54e1ec7ae583a5b293004eec5aacb18d039/input.inp,exact
gapwxc-gth-one-center,33a11bce88b0ce1c6ac1f81fa176da9b8d68db02,-32.025286961013329,-0.00259779458132,-7.0600099412106800E+00,1.3999999235890645E+01,33,terok,tmux,,production-default,41:14.39,28779468,a4bfb10b90614cfe9cee8d36e6c353dc6e73949be86777d502a3daf2666e94be,benchmarks/dietGMTKN55/production-p25/accepted-inputs/gapwxc-gth-one-center/33a11bce88b0ce1c6ac1f81fa176da9b8d68db02/input.inp,exact
gapwxc-gth-one-center,3a1bc965a5cdf0bb4c28dc9c54c639983ee02cd5,-21.586395164419795,-0.00501154775806,-5.1628093213857724E+00,1.3999999819951576E+01,30,terok,tmux,,production-default,45:17.45,28735556,c02cb06523228ffdc40af1c8b108ad8cb077da9ac6c769f8aee11ed1f5daa31f,benchmarks/dietGMTKN55/production-p25/accepted-inputs/gapwxc-gth-one-center/3a1bc965a5cdf0bb4c28dc9c54c639983ee02cd5/input.inp,exact
gapwxc-gth-one-center,3b10710e8a987afedce3c6c950da9c2c72c86101,-98.767605711548796,-0.02619101929965,-2.5730457832210874E+01,5.3999991739765960E+01,106,terok,tmux,,production-default,4:03:40,37319120,a5e373664caa0c461cbf90d28b0c4ce74dd8fec02b5567b42fd01c44125e3f59,benchmarks/dietGMTKN55/production-p25/accepted-inputs/gapwxc-gth-one-center/3b10710e8a987afedce3c6c950da9c2c72c86101/input.inp,exact
gapwxc-gth-one-center,3be8c690706b1617647bf4952e471f96a073f4fa,-75.258843910124568,-0.04720621910245,-2.4983430284125291E+01,6.0000101753601818E+01,97,rosi,495743,2026-08-25T13:48:40+02:00,production-default,3:08:16,30853592,6df4b0bffcf12744d5b2e163031cf6a22b3a70ac4048ce011ed982baa28e2822,benchmarks/dietGMTKN55/production-p25/accepted-inputs/gapwxc-gth-one-center/3be8c690706b1617647bf4952e471f96a073f4fa/input.inp,exact
gapwxc-gth-one-center,3bf7d5be8bf6f174f37f0dbc6fe0fd1166e69062,-45.627350955024717,-0.02532326922543,-1.5696379997764204E+01,3.8000021585709575E+01,32,rosi,494568,2026-08-25T08:38:09+02:00,production-default,40:45.29,29616592,ca04551dcddacc1dd5944c41b6ccbac1db4ece04f9eb2c76714191b349eb9971,benchmarks/dietGMTKN55/production-p25/accepted-inputs/gapwxc-gth-one-center/3bf7d5be8bf6f174f37f0dbc6fe0fd1166e69062/input.inp,exact
gapwxc-gth-one-center,3c9e31450618a0b88af293e5a599bb65d0d20f7d,-30.030852605088807,-0.00190069726919,-5.9938322454400259E+00,1.4999998499968171E+01,65,spark,tmux,2026-08-25T07:42:00+02:00,production-default,25:29.50,39353660,a54bfa3cbdf3ebbaf947dbdab7b8805db69b972ba4fe48fd15da36f1ee7c32d5,benchmarks/dietGMTKN55/production-p25/accepted-inputs/gapwxc-gth-one-center/3c9e31450618a0b88af293e5a599bb65d0d20f7d/input.inp,exact
gapwxc-gth-one-center,3d6e3da9d1b1231e17bd1a737be8a59f969645b4,-44.430663878860067,-0.02594343229661,-1.4970693941811621E+01,3.6000108392777349E+01,103,spark,tmux,2026-08-26T01:37:31+02:00,production-default,1:26:04,40544108,f618aee034940b58b24a426e380bd166dbf1f397413d0a7528be7d8f3c412ae1,benchmarks/dietGMTKN55/production-p25/accepted-inputs/gapwxc-gth-one-center/3d6e3da9d1b1231e17bd1a737be8a59f969645b4/input.inp,exact
gapwxc-gth-one-center,3ee334e6448326d495fdde65506f87dfcd646117,-14.951349970612091,-0.00543056645912,-5.6754867563897768E+00,1.3999995976041662E+01,27,terok,tmux,,production-default,48:53.43,35463392,a2743ce133caaf6b1454f118ab5681c42e7fe864e510ccbce43b63d7d32644f2,benchmarks/dietGMTKN55/production-p25/accepted-inputs/gapwxc-gth-one-center/3ee334e6448326d495fdde65506f87dfcd646117/input.inp,exact
gapwxc-gth-one-center,435dcfec2baff1096f952206ad475f6f9b4242b2,-15.597293695894317,-0.00056198880262,-3.2518749880817519E+00,8.0000000224995755E+00,18,terok,tmux,,production-default,7:48.57,25173344,b16f6447a7d74672d17931b6c8d08058be06c6e290834ba8223ebed02981d020,benchmarks/dietGMTKN55/production-p25/accepted-inputs/gapwxc-gth-one-center/435dcfec2baff1096f952206ad475f6f9b4242b2/input.inp,exact
gapwxc-gth-one-center,43839e748527c6a543705cad162fb161bc46aa6e,-142.255015549977855,-0.02306406497771,-3.3491982050807827E+01,6.2000010956771092E+01,59,rosi,494867,2026-08-25T10:38:35+02:00,production-default,1:20:52,29688116,e589ced0cf079c34feb18e90a33bcb97a776a0b22aeea3ec71632e827e388fa9,benchmarks/dietGMTKN55/production-p25/accepted-inputs/gapwxc-gth-one-center/43839e748527c6a543705cad162fb161bc46aa6e/input.inp,exact
gapwxc-gth-one-center,43fb92b328a71580d851f682dc58e1ec45422a68,-28.026276300930547,-0.00620679577121,-7.3519984279695230E+00,1.7999997423130988E+01,35,terok,tmux,,production-default,53:08.71,33625084,18059a972d70f8f45477c57564fb64bf4ee479f6b55e7cc5c427cb18fbcac4d6,benchmarks/dietGMTKN55/production-p25/accepted-inputs/gapwxc-gth-one-center/43fb92b328a71580d851f682dc58e1ec45422a68/input.inp,exact
gapwxc-gth-one-center,45cd512ab8f52c8950ff049839ec228a7d888e86,-10.819215131449990,-0.00064700675199,-2.8055603511295635E+00,7.9999999334534868E+00,17,terok,tmux,,production-default,9:47.99,22653060,21683aa4a54bdf32084effa06c11ec59d70f8fad3695553568713ba7f43f1099,benchmarks/dietGMTKN55/production-p25/accepted-inputs/gapwxc-gth-one-center/45cd512ab8f52c8950ff049839ec228a7d888e86/input.inp,exact
gapwxc-gth-one-center,47f8c0c5bc5c9ced9f13963745262bc0f3cdb452,-132.347263382870722,-0.05151156739096,-3.7564565058924693E+01,8.0000042082435755E+01,116,rosi,496905,2026-08-26T01:16:03+02:00,production-default,4:26:22,32823852,39fdaa8fcbb1230f3779aeae50ea370b864f227195192dad13b79a5cf5d0ce7a,benchmarks/dietGMTKN55/production-p25/accepted-inputs/gapwxc-gth-one-center/47f8c0c5bc5c9ced9f13963745262bc0f3cdb452/input.inp,exact
gapwxc-gth-one-center,492141ab853497951d3dc4be6df0ce562967fd92,-55.990988431625553,-0.00309973427180,-1.2398797711163901E+01,2.1999997758067092E+01,18,terok,tmux,2026-08-27T03:32:12+02:00,pbe-seeded-diis-full-all-75x10,26:56.32,34755840,214cd01fc797cd5bda7e3d1ffb04dafbae233392f50d8802a5df2efd00dfba2e,benchmarks/dietGMTKN55/production-p25/accepted-inputs/gapwxc-gth-one-center/492141ab853497951d3dc4be6df0ce562967fd92/input.pbe-seeded.inp,exact
gapwxc-gth-one-center,49f698d22649a82d23b29898a213f9f4ba3f9dde,-128.219878167046488,-0.04255164663437,-3.4886400670886729E+01,7.2000028513750294E+01,12,rosi,495783,2026-08-25T14:12:46+02:00,production-default,6:41:53,29978644,7ba216004bf084d7c5d35819cec02436602357519052d23386ce21acd0175841,benchmarks/dietGMTKN55/production-p25/accepted-inputs/gapwxc-gth-one-center/49f698d22649a82d23b29898a213f9f4ba3f9dde/input.inp,exact
gapwxc-gth-one-center,4a43a457f546895ce6043348836bb8a0876363c9,-135.275080044827035,-0.06238390843555,-4.0435542748718746E+01,8.9999992451849550E+01,114,rosi,497073,2026-08-26T09:17:04+02:00,production-default,7:18:49,35143860,76b44f34bfa6c802df7e619e47f9d880e79c93dbeb76c70e0be568956d1f9773,benchmarks/dietGMTKN55/production-p25/accepted-inputs/gapwxc-gth-one-center/4a43a457f546895ce6043348836bb8a0876363c9/input.inp,exact
gapwxc-gth-one-center,4fca1f48e246471fb5cac7d8c99ae54988fa3ae1,-1.997312727023747,,-6.1633454490349759E-01,1.0000000974139893E+00,13,spark,tmux,2026-08-25T05:41:51+02:00,production-default,4:42.30,35163692,d9c1792d29efb5318f20c4cfb64730f3e16d1e396e971db5ebe3cdbf279f4ef5,benchmarks/dietGMTKN55/production-p25/accepted-inputs/gapwxc-gth-one-center/4fca1f48e246471fb5cac7d8c99ae54988fa3ae1/input.inp,exact
gapwxc-gth-one-center,512c204fbb415052dbcf3bca37cde209edb05c6c,-0.498923012588770,,-3.1554351054184387E-01,1.0000000034404000E+00,10,spark,tmux,2026-08-25T04:11:42+02:00,production-default,3:54.43,35164352,9c82a72319adee549aca36553bb528d30e1a675756dcff15b3f5ef1113205676,benchmarks/dietGMTKN55/production-p25/accepted-inputs/gapwxc-gth-one-center/512c204fbb415052dbcf3bca37cde209edb05c6c/input.inp,exact
gapwxc-gth-one-center,53d4e0f05e308d8d91f9b62f060bc046b35ee60a,-60.737853826494295,-0.01929928461869,-1.7668348840688811E+01,3.8000003138442295E+01,35,spark,tmux,2026-08-25T22:51:41+02:00,production-default,29:39.39,40561044,4c0b4ec3f3367c875426b2fdff32bdece41e977064c6f4719640e8bb3f378fd2,benchmarks/dietGMTKN55/production-p25/accepted-inputs/gapwxc-gth-one-center/53d4e0f05e308d8d91f9b62f060bc046b35ee60a/input.inp,exact
gapwxc-gth-one-center,54e53fe6dde3ae33d2a8a62722e1fd1850489a4c,-95.098803619656067,-0.05080053914366,-3.0036189016717490E+01,6.9999971174414398E+01,76,rosi,496276,2026-08-25T16:57:00+02:00,production-default,2:33:17,31972180,c5d8bc6e738e0f15f0ca007e730afee1a94c2f2176fa659b844fa4afaba0e568,benchmarks/dietGMTKN55/production-p25/accepted-inputs/gapwxc-gth-one-center/54e53fe6dde3ae33d2a8a62722e1fd1850489a4c/input.inp,exact
gapwxc-gth-one-center,55414141691fb9b7388d315c6029762b640e5b7a,-15.898020638595519,,-3.4262981165019921E+00,5.9999990174597650E+00,31,spark,tmux,2026-08-25T04:15:37+02:00,production-default,13:13.51,35188944,a7a10b0485318925723b8d92b91fd9c6c2ffb8e832d2729fdf47dfaf3c3da255,benchmarks/dietGMTKN55/production-p25/accepted-inputs/gapwxc-gth-one-center/55414141691fb9b7388d315c6029762b640e5b7a/input.inp,exact
gapwxc-gth-one-center,5ac14f70d70f7e7225c2c6d23d98d088c11c55e9,-139.694332047348382,-0.07993143272588,-4.2456809111556559E+01,9.6000003844338281E+01,120,rosi,497538,2026-08-26T14:31:11+02:00,production-default,4:04:23,36169856,91b280f9ec55c505c6721454a393a3ddebf337240a8a711a0604175c6366c615,benchmarks/dietGMTKN55/production-p25/accepted-inputs/gapwxc-gth-one-center/5ac14f70d70f7e7225c2c6d23d98d088c11c55e9/input.inp,exact
gapwxc-gth-one-center,5c4a1bf500867a61eed31dce1f709efb36cf3c7d,-84.251851210341741,-0.02615481597892,-2.3062694050830487E+01,4.8000007277367992E+01,46,rosi,494483,2026-08-25T04:23:32+02:00,production-default,58:51.20,29552764,a88a79fa3c4de89a0fb375d5aaf5b77812a406fe2964a68375cf537c89b35c11,benchmarks/dietGMTKN55/production-p25/accepted-inputs/gapwxc-gth-one-center/5c4a1bf500867a61eed31dce1f709efb36cf3c7d/input.inp,exact
gapwxc-gth-one-center,5ee9c9c7f8aea92cbb1116a496f77c667cbd77eb,-4.558832343155412,-0.00140597234541,-2.0960730771785605E+00,5.9999998951722056E+00,16,terok,tmux,,production-default,31:43.17,28729968,504180f2754d806383e0c47a6644ce065af20195443f0d8cd97593fe50f6284a,benchmarks/dietGMTKN55/production-p25/accepted-inputs/gapwxc-gth-one-center/5ee9c9c7f8aea92cbb1116a496f77c667cbd77eb/input.inp,exact
gapwxc-gth-one-center,5f100197da40fa72fb2324e8112c4ecfd6741f96,-44.507372066528937,-0.02423722480000,-1.4964504485667511E+01,3.5999982465337929E+01,84,spark,tmux,2026-08-26T00:29:40+02:00,production-default,1:07:50,42077744,4ce8dbec3c67e97dc391a226e700ed6f28cdbbdf549c87b7fc47c61af985a0c3,benchmarks/dietGMTKN55/production-p25/accepted-inputs/gapwxc-gth-one-center/5f100197da40fa72fb2324e8112c4ecfd6741f96/input.inp,exact
gapwxc-gth-one-center,5f7357571186a3960d758f7969a9dfa60688788e,-1.173430032020934,-0.00014169992826,-7.0118247684047619E-01,1.9999995855508379E+00,11,spark,tmux,2026-08-25T06:44:22+02:00,production-default,2:26.43,27789500,312b975df96b150a6ae8250551f26e8d2eba645218336ab8311946aa6cb72471,benchmarks/dietGMTKN55/production-p25/accepted-inputs/gapwxc-gth-one-center/5f7357571186a3960d758f7969a9dfa60688788e/input.inp,exact
gapwxc-gth-one-center,6007ed0531318684dce37c642e2f2aacbb6d349d,-5.014907776863370,-0.00163383153340,-1.8242627267697860E+00,6.0000000113541114E+00,20,terok,tmux,,production-default,15:50.78,28389224,2b46ffd639803788593635176da167a625cd9d44d19748ddf1a2eb107a7ff1b3,benchmarks/dietGMTKN55/production-p25/accepted-inputs/gapwxc-gth-one-center/6007ed0531318684dce37c642e2f2aacbb6d349d/input.inp,exact
gapwxc-gth-one-center,60863b0cffca2154a830e6eff9c1d684603113dc,-13.712458542569557,-0.00394655193868,-4.8598998538519567E+00,1.1999997827901815E+01,26,terok,tmux,,production-default,54:56.58,30572724,49e416dcac0efaa8f719f91573b65bad2533ae85ee8eecfc7415376de8bd30e0,benchmarks/dietGMTKN55/production-p25/accepted-inputs/gapwxc-gth-one-center/60863b0cffca2154a830e6eff9c1d684603113dc/input.inp,exact
gapwxc-gth-one-center,621284d5f3ce70544411e26ed9009691ff4edf41,-15.597442704159841,-0.00056203708285,-3.2578918233751288E+00,8.0000000299343501E+00,16,terok,tmux,,production-default,9:26.18,25152016,d86a9203679ba35332842afe717202481e8fefc5116fcdc8259154e954dd50b8,benchmarks/dietGMTKN55/production-p25/accepted-inputs/gapwxc-gth-one-center/621284d5f3ce70544411e26ed9009691ff4edf41/input.inp,exact
gapwxc-gth-one-center,621af83d7b3d093b4a76dde928dec390f192db8a,-72.320093482822813,-0.01470955590097,-1.6844261097465772E+01,3.3999999831005454E+01,42,terok,tmux,,production-default,57:57.51,38776084,54f3fda88a8c979fa70bdfdf704b940e8556e1742332f36ef9f401153f58554d,benchmarks/dietGMTKN55/production-p25/accepted-inputs/gapwxc-gth-one-center/621af83d7b3d093b4a76dde928dec390f192db8a/input.inp,exact
gapwxc-gth-one-center,63352184421ac4cc887e54e7d7186c2bd5684be3,-128.559545615583460,-0.04482127367997,-3.5084931706407922E+01,7.2000091842666038E+01,107,rosi,496662,2026-08-25T20:51:11+02:00,production-default,4:24:46,30004040,63a13a6795d2495598a1803e3e5ff2bd638b8f30d5dd70cf1e2c07b3e2052131,benchmarks/dietGMTKN55/production-p25/accepted-inputs/gapwxc-gth-one-center/63352184421ac4cc887e54e7d7186c2bd5684be3/input.inp,exact
gapwxc-gth-one-center,63954fbc43c2714d4b2b24814f3a8574296f2100,-48.163756498180547,-0.02214677542760,-1.5355891770916903E+01,3.5999965740248427E+01,16,spark,tmux,2026-08-26T03:03:36+02:00,production-default,2:46:56,43783896,060ac47547630a49c4f1935182fa8827b4eeacf3878d9cbf0b231c0ab50213d8,benchmarks/dietGMTKN55/production-p25/accepted-inputs/gapwxc-gth-one-center/63954fbc43c2714d4b2b24814f3a8574296f2100/input.inp,exact
gapwxc-gth-one-center,63e08227400676f3802f4e6ed0135f9c4d6edd18,-25.839341592624884,-0.01005561119254,-8.6798228191471996E+00,2.0000005444918386E+01,27,terok,tmux,,production-default,1:06:34,33413964,bce95100187bc8aa8283131f507c26800dbe1602f332b9966d06bcbe90829566,benchmarks/dietGMTKN55/production-p25/accepted-inputs/gapwxc-gth-one-center/63e08227400676f3802f4e6ed0135f9c4d6edd18/input.inp,exact
gapwxc-gth-one-center,651ecc9ccbeca0cef67c03d2225ceda039f08159,-18.602734223347042,-0.00435866750706,-6.1049641125410679E+00,1.3999995467589260E+01,12,terok,tmux,2026-08-27T04:28:29+02:00,pbe-seeded-diis-full-all-75x10,16:38.51,34605976,b48d06971e0a47a0abe17b2dbdcf8a221badec8234e8b911872f82648b201f79,benchmarks/dietGMTKN55/production-p25/accepted-inputs/gapwxc-gth-one-center/651ecc9ccbeca0cef67c03d2225ceda039f08159/input.pbe-seeded.inp,exact
gapwxc-gth-one-center,679fa1c9908420bac3aae7972cb26904f86c251d,-35.308553753604059,-0.00139584164516,-7.8735480935076074E+00,1.3999998113481771E+01,20,terok,tmux,,production-default,34:31.24,28731464,146a831d63ea3dd5991a67a5348df15e47b91439326de612b81c15382e05c876,benchmarks/dietGMTKN55/production-p25/accepted-inputs/gapwxc-gth-one-center/679fa1c9908420bac3aae7972cb26904f86c251d/input.inp,exact
gapwxc-gth-one-center,69d762d2ca959b7c46daf3974c2f9eef7476ca6b,-31.936844674859888,-0.00045549509960,-6.8955543010316864E+00,1.1999998219764056E+01,52,spark,tmux,2026-08-25T06:07:07+02:00,production-default,22:12.78,39345220,fb92a3551e985e969dfc2724b18e40aa17b9a5132d64d5511a4f5b434c6e10aa,benchmarks/dietGMTKN55/production-p25/accepted-inputs/gapwxc-gth-one-center/69d762d2ca959b7c46daf3974c2f9eef7476ca6b/input.inp,exact
gapwxc-gth-one-center,6a266336364d8cb1322be6194dc3a480c2191876,-128.555337003536948,-0.04488638640838,-3.5078326092599980E+01,7.1999928661006010E+01,143,rosi,496663,2026-08-25T20:54:42+02:00,production-default,5:39:54,29908456,e518563ae648f91413421f80e7c6836e83c85ed49c78a79556c04bd662872d81,benchmarks/dietGMTKN55/production-p25/accepted-inputs/gapwxc-gth-one-center/6a266336364d8cb1322be6194dc3a480c2191876/input.inp,exact
gapwxc-gth-one-center,6ace469ff04ff0a629ea3f0b39eac6351affc280,-33.875857347733699,-0.00190875901811,-8.3348920784317198E+00,1.5999998290070666E+01,22,terok,tmux,,production-default,40:44.08,29659112,e1e68527c06269f4428f0a046356629cfbd49bcdc674286dc0f494128e64a333,benchmarks/dietGMTKN55/production-p25/accepted-inputs/gapwxc-gth-one-center/6ace469ff04ff0a629ea3f0b39eac6351affc280/input.inp,exact
gapwxc-gth-one-center,6e91322ffb8f6b5866a1e8aff5982e4773bd0236,-7.227130602659368,,-1.6534783934483186E+00,2.0000000701239289E+00,22,spark,tmux,2026-08-25T05:59:02+02:00,production-default,4:08.30,27740684,c83240c4eae5605faac912466e1f6735ca0b6ba3eecb01445f52356d476d661f,benchmarks/dietGMTKN55/production-p25/accepted-inputs/gapwxc-gth-one-center/6e91322ffb8f6b5866a1e8aff5982e4773bd0236/input.inp,exact
gapwxc-gth-one-center,6eb5837bd43096d172cfe0312c108734ef617766,-17.232637114811819,-0.00057403632943,-4.2423020329674683E+00,7.9999985173172830E+00,40,terok,tmux,,production-default,36:42.27,25321996,f586c5e324064963ddd643c369ef5945c82a40f8313ef4ed065c905193f158ed,benchmarks/dietGMTKN55/production-p25/accepted-inputs/gapwxc-gth-one-center/6eb5837bd43096d172cfe0312c108734ef617766/input.inp,exact
gapwxc-gth-one-center,708eebb526373add81392939cf0489b859b510ee,-14.951421628422297,-0.00542326006017,-5.6680883213628208E+00,1.3999995802532428E+01,24,terok,tmux,,production-default,40:00.46,35530336,033818c7eac05ac244643ecfe0bcb0e182a2724c9cd840e8559cd6c7d85f813e,benchmarks/dietGMTKN55/production-p25/accepted-inputs/gapwxc-gth-one-center/708eebb526373add81392939cf0489b859b510ee/input.inp,exact
gapwxc-gth-one-center,708fa747c569e99cc639222823093a0efc951dba,-47.196534245433661,-0.01313055823850,-1.3810340238038563E+01,2.9999993289422740E+01,29,terok,tmux,,production-default,1:00:08,37575136,13645371f77e2f824741c93d18295046e9f68b3b360959aaca6782cfed598cfd,benchmarks/dietGMTKN55/production-p25/accepted-inputs/gapwxc-gth-one-center/708fa747c569e99cc639222823093a0efc951dba/input.inp,exact
gapwxc-gth-one-center,748837810dd0b2eb7e91127ebb7055c1f91be0a9,-26.169209307791714,-0.01166466756359,-8.9755579902701079E+00,2.1999990094384387E+01,142,terok,tmux,,production-default,4:31:38,36419840,f37fbd847cc705cc135894967007ddb5dcafb19a0635ff5566f8be95d87eb580,benchmarks/dietGMTKN55/production-p25/accepted-inputs/gapwxc-gth-one-center/748837810dd0b2eb7e91127ebb7055c1f91be0a9/input.inp,exact
gapwxc-gth-one-center,7670a98481c4e9c2cf2ba472db6d97169c1272fa,-47.819861369042776,-0.00124921794000,-1.0224586988787184E+01,1.7999998620766505E+01,47,terok,tmux,,production-default,38:39.30,25386892,a2d9643934f486d8f6d9d2dc9a414a412e09a297d5bf87a332c477162ced51c6,benchmarks/dietGMTKN55/production-p25/accepted-inputs/gapwxc-gth-one-center/7670a98481c4e9c2cf2ba472db6d97169c1272fa/input.inp,exact
gapwxc-gth-one-center,768e0f05c8d058559c533f248d66f89ec38c5df4,-13.712456546550412,-0.00394689764879,-4.8596766927761319E+00,1.1999997817864255E+01,44,terok,tmux,,production-default,1:26:37,30556756,1bf69ad3e743285f12d2a64377b10bc31bc85c2e23c305b41d557149127db96d,benchmarks/dietGMTKN55/production-p25/accepted-inputs/gapwxc-gth-one-center/768e0f05c8d058559c533f248d66f89ec38c5df4/input.inp,exact
gapwxc-gth-one-center,7787b7b0fd755fad7281db9619befa7bf6e6e9ca,-139.737922731943229,-0.08272851451601,-4.2480415540581319E+01,9.6000100490248087E+01,88,rosi,497773,2026-08-26T16:35:58+02:00,production-default,4:28:49,36104320,ff85f2e49d15aa7e11b6e23b23ef05c5bf36c1e982ec1bd5c2e7fa5aba84aa89,benchmarks/dietGMTKN55/production-p25/accepted-inputs/gapwxc-gth-one-center/7787b7b0fd755fad7281db9619befa7bf6e6e9ca/input.inp,exact
gapwxc-gth-one-center,7850d278a8d368875bfea5134dcdafad62987a68,-77.040963230328401,-0.01966282261680,-2.0447599086992035E+01,4.2000003622229052E+01,112,spark,tmux,2026-08-26T08:26:54+02:00,production-default,1:17:44,37652796,442dfc0b0b4e7e4b61b5c41588bbae18b1375ea66829dbd5bc3d9d3f97865771,benchmarks/dietGMTKN55/production-p25/accepted-inputs/gapwxc-gth-one-center/7850d278a8d368875bfea5134dcdafad62987a68/input.inp,exact
gapwxc-gth-one-center,7863511123b310f3010d4eba2aa225486bc12a0f,-37.531783533887094,-0.00653847819222,-8.8670944563707597E+00,2.1999996739951694E+01,44,terok,tmux,,production-default,1:11:36,34728224,681f4d2a2d296bd45ead5bb9f018540cf5f225758635d440eb3478011c23cbab,benchmarks/dietGMTKN55/production-p25/accepted-inputs/gapwxc-gth-one-center/7863511123b310f3010d4eba2aa225486bc12a0f/input.inp,exact
gapwxc-gth-one-center,7a1098f5a417342f38da5fe3311bd9439699a5a5,-13.330226324953742,-0.00392119510074,-4.5431626005337087E+00,1.0999997525329766E+01,28,terok,tmux,,production-default,1:28:07,37980880,b1e0418f3edce491ecb10ed969dcb966f742f75a14229b2095161e7add409a47,benchmarks/dietGMTKN55/production-p25/accepted-inputs/gapwxc-gth-one-center/7a1098f5a417342f38da5fe3311bd9439699a5a5/input.inp,exact
gapwxc-gth-one-center,7e93dbfffe4ba246d187edf24f1cbbc3f674fc16,-60.740080821224360,-0.01905310544943,-1.7669226268689883E+01,3.7999946635768509E+01,25,rosi,494470,2026-08-25T03:50:31+02:00,production-default,32:53.12,27116488,98a7c62bd2aacc342311f58c394397785265825b35b0da3c92d5f992935736a8,benchmarks/dietGMTKN55/production-p25/accepted-inputs/gapwxc-gth-one-center/7e93dbfffe4ba246d187edf24f1cbbc3f674fc16/input.inp,exact
gapwxc-gth-one-center,7ef43e51468bbc7f8a04dbec6c4b4eb0bc8313e5,-12.455246872706553,-0.00226684853272,-4.0395993325907389E+00,9.9999985255377091E+00,35,terok,tmux,,production-default,1:04:49,26040860,16aca752a2455ec8b277e33003f21de164eae25feab681c593cf5a231a070a1c,benchmarks/dietGMTKN55/production-p25/accepted-inputs/gapwxc-gth-one-center/7ef43e51468bbc7f8a04dbec6c4b4eb0bc8313e5/input.inp,exact
gapwxc-gth-one-center,80b1bafbbae87dfe8f6e058dce5c04d8858eb70e,-35.583468769208984,-0.01943609825941,-1.3101638356045012E+01,3.1999998340434580E+01,22,rosi,494581,2026-08-25T09:06:54+02:00,production-default,26:01.42,28531212,86e255a172aa98300299f75a097736adce42bbd9545c08ed98a1ced3b1cbd37b,benchmarks/dietGMTKN55/production-p25/accepted-inputs/gapwxc-gth-one-center/80b1bafbbae87dfe8f6e058dce5c04d8858eb70e/input.inp,exact
gapwxc-gth-one-center,80eac91bb6f8713429b6adb4f0ee4c75ccbffbbb,-135.283129159436783,-0.06881089196645,-4.0448607330787432E+01,8.9999993421847506E+01,173,rosi,497098,2026-08-26T09:36:22+02:00,production-default,9:31:13,34993944,90b897473b74197e5fe16a0ae6003dd9f0953a5e726dea45bd9bc807733b7f5f,benchmarks/dietGMTKN55/production-p25/accepted-inputs/gapwxc-gth-one-center/80eac91bb6f8713429b6adb4f0ee4c75ccbffbbb/input.inp,exact
gapwxc-gth-one-center,81cdbbe3b47e3d71a7abb3bc85580b18eca4a63f,-135.280067153628238,-0.06255981793715,-4.0440621740436669E+01,9.0000038719625124E+01,64,spark,tmux,2026-08-26T10:10:34+02:00,production-default,1:58:12,53828232,bdfb22bfd8ca020cb36d88fdc9cd938d931a50a37a6be22601036dd2bffd112c,benchmarks/dietGMTKN55/production-p25/accepted-inputs/gapwxc-gth-one-center/81cdbbe3b47e3d71a7abb3bc85580b18eca4a63f/input.inp,exact
gapwxc-gth-one-center,827c86c6054b11a34908826558815d4c97039dfc,-135.288087901026501,-0.06814731190383,-4.0450332653090555E+01,8.9999990913645377E+01,125,spark,tmux,2026-08-26T12:08:47+02:00,production-default,3:46:38,50059312,41b58f507a26936bbfe9506ba772abf20c1b2ded957683eda29fc76637c1a81f,benchmarks/dietGMTKN55/production-p25/accepted-inputs/gapwxc-gth-one-center/827c86c6054b11a34908826558815d4c97039dfc/input.inp,exact
gapwxc-gth-one-center,82ac7e589695617ece0a183bf49b244c8c4b4b95,-22.579243233034724,-0.00366623740197,-6.4265139585439304E+00,1.5999998144072492E+01,24,terok,tmux,,production-default,44:04.96,34779924,5119ba4c8953ae308324c766354a832950c28ad0b8bf846a6a821a790e4baf33,benchmarks/dietGMTKN55/production-p25/accepted-inputs/gapwxc-gth-one-center/82ac7e589695617ece0a183bf49b244c8c4b4b95/input.inp,exact
gapwxc-gth-one-center,8371faef75851d86b583fdc537f7aebefac81bae,-35.583429765018145,-0.01945177632254,-1.3101807089512782E+01,3.1999997864600243E+01,26,rosi,494589,2026-08-25T09:17:53+02:00,production-default,33:54.21,28508288,6b1eae097010360b7658a933bb319d5ca3d55f1fd902c5fa22b4e5045ce96f39,benchmarks/dietGMTKN55/production-p25/accepted-inputs/gapwxc-gth-one-center/8371faef75851d86b583fdc537f7aebefac81bae/input.inp,exact
gapwxc-gth-one-center,83da159ee16fb489511bc50a76f6ea59b7e4fa48,-71.515602347821087,-0.01985799666991,-1.5109840559962359E+01,3.6000000391559510E+01,77,terok,tmux,,production-default,1:46:42,31548580,dfe306eefc86eacd1ad37ad92de04ece3ec6042c56a61af5a27aabb39192f569,benchmarks/dietGMTKN55/production-p25/accepted-inputs/gapwxc-gth-one-center/83da159ee16fb489511bc50a76f6ea59b7e4fa48/input.inp,exact
gapwxc-gth-one-center,853d65c3d0bfdcf390e2024faaba158f079e3eec,-6.487814592934259,,-1.7797917431133241E+00,5.9999995810221884E+00,1,terok,tmux,2026-08-26T14:55:35+02:00,diis-full-all-clean-finalization,1:27.39,27199116,d93508c3226d30ddb6765d6e111de6cdad7ade052fae2957a62a53d3f23d40d7,benchmarks/dietGMTKN55/production-p25/accepted-inputs/gapwxc-gth-one-center/853d65c3d0bfdcf390e2024faaba158f079e3eec/input.verify.inp,exact
gapwxc-gth-one-center,864476718a744dd6ef56df9357e06e39d9302d61,-132.341384916430172,-0.05149647421389,-3.7552176080604710E+01,7.9999888172371598E+01,82,rosi,496921,2026-08-26T02:34:40+02:00,production-default,4:07:00,32732388,de20de2b720ba8b726b7d1abc5f4367150cc6f76d2011eed3a559c5d36adfac6,benchmarks/dietGMTKN55/production-p25/accepted-inputs/gapwxc-gth-one-center/864476718a744dd6ef56df9357e06e39d9302d61/input.inp,exact
gapwxc-gth-one-center,88277c6d3a8b3e4424011d06c3a39b788db77778,-11.741871011542260,-0.00121966168537,-3.6257106688100347E+00,7.9999982206884095E+00,38,terok,tmux,,production-default,1:00:13,28703652,0316053f4add85188fae9211d84157f70d7f437914bce7490486d1d36b5d5703,benchmarks/dietGMTKN55/production-p25/accepted-inputs/gapwxc-gth-one-center/88277c6d3a8b3e4424011d06c3a39b788db77778/input.inp,exact
gapwxc-gth-one-center,90b1b6b6778f2fb658f77ece4e016bb2853bd50b,-31.838608630341895,-0.01318867825876,-1.0736548758236117E+01,2.5999991119408705E+01,44,terok,tmux,,production-default,1:34:44,38690988,96873a31fbcea55d7b041e8c2a59fd0f1a1a7ef766f4e8fb441bcf1250f6256e,benchmarks/dietGMTKN55/production-p25/accepted-inputs/gapwxc-gth-one-center/90b1b6b6778f2fb658f77ece4e016bb2853bd50b/input.inp,exact
gapwxc-gth-one-center,92eb753bd8b0ae7b2aa8c3ded064bb77f8762748,-13.712393428617384,-0.00394414460809,-4.8553532269165434E+00,1.1999997893132962E+01,28,terok,tmux,,production-default,58:47.02,30560332,6b322358bff6b54fb1036c50f580bd12a628c1059662f38d33b762d0b0c7c4bb,benchmarks/dietGMTKN55/production-p25/accepted-inputs/gapwxc-gth-one-center/92eb753bd8b0ae7b2aa8c3ded064bb77f8762748/input.inp,exact
gapwxc-gth-one-center,9465bd345ac96f1e593de38e9c171056e6e8c267,-11.741553573171036,-0.00121999213511,-3.6186931352951772E+00,7.9999981202466000E+00,17,terok,tmux,,production-default,27:18.82,28701668,4b7016cda872752a5d6a63c6a2b0a40c74fed9c2a2c5484178d6314512bbacbe,benchmarks/dietGMTKN55/production-p25/accepted-inputs/gapwxc-gth-one-center/9465bd345ac96f1e593de38e9c171056e6e8c267/input.inp,exact
gapwxc-gth-one-center,99a93a184770b8804dcff3b77948b4b18126fc3d,-36.026321608620918,-0.00202380852232,-8.5258021804610298E+00,1.5999997526005261E+01,43,terok,tmux,,production-default,1:16:13,29772268,bc5e9d6be369a629f2a0741dd03706bb85a45a22f4cb2a94f1811242b97e309f,benchmarks/dietGMTKN55/production-p25/accepted-inputs/gapwxc-gth-one-center/99a93a184770b8804dcff3b77948b4b18126fc3d/input.inp,exact
gapwxc-gth-one-center,9dbbfd27dc4ab711c12f10245dde1b0933fee9a2,-1.173427411326246,-0.00014172956129,-7.0106830810893561E-01,1.9999995836079130E+00,11,spark,tmux,2026-08-25T06:53:40+02:00,production-default,2:27.39,27789088,c2ddf54da6f4d6ab67ce3a2193f8b2caaab1db5f3138f2125fedbc34a1d0b977,benchmarks/dietGMTKN55/production-p25/accepted-inputs/gapwxc-gth-one-center/9dbbfd27dc4ab711c12f10245dde1b0933fee9a2/input.inp,exact
gapwxc-gth-one-center,9f3fa0a6ed69ca855c6959a590d4311444d9ec29,-48.042805183035838,-0.02616157893898,-1.7145512708833209E+01,4.1999981729088091E+01,57,rosi,495129,2026-08-25T12:44:04+02:00,production-default,1:28:37,29631420,30c43afab55dfb0746ecd2850ce2caaf24876b10f0810b6b05a9ed7cd796d923,benchmarks/dietGMTKN55/production-p25/accepted-inputs/gapwxc-gth-one-center/9f3fa0a6ed69ca855c6959a590d4311444d9ec29/input.inp,exact
gapwxc-gth-one-center,a4311fb749e9e7e31b39d12c2a45961170a253a1,-24.251014025036898,,-4.9150845484773837E+00,7.9999967705286936E+00,16,spark,tmux,2026-08-25T05:46:34+02:00,production-default,3:11.71,27752612,d098e0c5ad8a453972cf5894e6c8e5bd2fa49e14df54ad710c1e5d0bd1ed64c7,benchmarks/dietGMTKN55/production-p25/accepted-inputs/gapwxc-gth-one-center/a4311fb749e9e7e31b39d12c2a45961170a253a1/input.inp,exact
gapwxc-gth-one-center,a725d64cf70c0fb4dbe91adbfeca7f971b363345,-134.313111429224023,-0.07397059466984,-4.0121759320377137E+01,8.9999976007610627E+01,184,rosi,496931,2026-08-26T02:57:38+02:00,production-default,5:41:38,36083188,8be02869f08f62527530e6e58f92d907eee960fea489ea6bd1cb825436aa7845,benchmarks/dietGMTKN55/production-p25/accepted-inputs/gapwxc-gth-one-center/a725d64cf70c0fb4dbe91adbfeca7f971b363345/input.inp,exact
gapwxc-gth-one-center,a7e2821cf5f9684bea0ab9801df6b1e25c584bfb,-3.790469372206269,-0.00198182399028,-1.7967604268278077E+00,5.9999999904664509E+00,29,terok,tmux,,production-default,39:55.20,28741816,3b641fa9ba72e6c308a7f0ba0099483ea9657231d6394615192d40a5a6136792,benchmarks/dietGMTKN55/production-p25/accepted-inputs/gapwxc-gth-one-center/a7e2821cf5f9684bea0ab9801df6b1e25c584bfb/input.inp,exact
gapwxc-gth-one-center,a88409979399d883da78a40a52125baa726310e0,-6.293743373363445,-0.00316689796955,-2.6141655986500365E+00,8.0000017634861464E+00,39,terok,tmux,,production-default,57:39.91,32626004,ecdbf2334c775fa83bea6e55f75c61f1d993c9e0243917cf9537a92a74593d6d,benchmarks/dietGMTKN55/production-p25/accepted-inputs/gapwxc-gth-one-center/a88409979399d883da78a40a52125baa726310e0/input.inp,exact
gapwxc-gth-one-center,a94eecb68741e476bc3be36838d7f06772b204b8,-60.744383258752123,-0.01983619746264,-1.7675723035658464E+01,3.8000025496519399E+01,75,rosi,494471,2026-08-25T03:50:31+02:00,production-default,1:42:54,27091928,c32737127419086aa7d7d2083fbc4e998df28821da48fb51033fe040be9ab26b,benchmarks/dietGMTKN55/production-p25/accepted-inputs/gapwxc-gth-one-center/a94eecb68741e476bc3be36838d7f06772b204b8/input.inp,exact
gapwxc-gth-one-center,aad2f181530bb027fc2a83fcabd9a608efe0bce4,-68.546842736016742,-0.03430916609875,-1.8798876537849686E+01,4.4000002458254556E+01,164,rosi,494523,2026-08-25T06:08:02+02:00,production-default,2:17:52,30813712,1d21a3a2fd23a0092a91a692216d6b40c6c93ee88d1ddb72d7106792cee7dd61,benchmarks/dietGMTKN55/production-p25/accepted-inputs/gapwxc-gth-one-center/aad2f181530bb027fc2a83fcabd9a608efe0bce4/input.inp,exact
gapwxc-gth-one-center,ab9293770bb2f72584e212ffa648b9567da69388,-43.778815696189319,-0.00701295563581,-1.0705391430628225E+01,2.1999996543718897E+01,30,terok,tmux,,production-default,45:23.83,36645880,b55dbb9431457b0dc2650fb5f0fbe8b693edbf88ce751eeebcf0c5584ce66469,benchmarks/dietGMTKN55/production-p25/accepted-inputs/gapwxc-gth-one-center/ab9293770bb2f72584e212ffa648b9567da69388/input.inp,exact
gapwxc-gth-one-center,b0baaec3defcc34c32e00aa368ef7d6f425898de,-15.051757423257657,,-3.1487764477761040E+00,7.9999999621491860E+00,10,spark,tmux,2026-08-25T06:03:10+02:00,production-default,2:01.58,27746696,7544cae025c67354e2e72ef726c973f6da0b45ff6b79d64edc80fe9f8f5c316c,benchmarks/dietGMTKN55/production-p25/accepted-inputs/gapwxc-gth-one-center/b0baaec3defcc34c32e00aa368ef7d6f425898de/input.inp,exact
gapwxc-gth-one-center,b2ce4f64b872966df0477799d122be7eb65d495d,-49.275497276309373,-0.02736560645513,-1.6106235629034654E+01,3.7999922534184861E+01,14,rosi,494472,2026-08-25T03:50:31+02:00,production-default,5:16:18,27124180,b51d45f584ddca42e8c5190ffcec34f284865e867a32f9e039bb6a40407f25ac,benchmarks/dietGMTKN55/production-p25/accepted-inputs/gapwxc-gth-one-center/b2ce4f64b872966df0477799d122be7eb65d495d/input.inp,exact
gapwxc-gth-one-center,b2e8baefa411a57e279734f1d9bf4e849d682871,-58.650778658265303,-0.00181314296356,-1.1547280835877645E+01,1.9999996060008094E+01,29,terok,tmux,,production-default,22:01.77,28396060,8a987b7ae4f19a849ee7bbedc0bc9a2278b181cd47fa11e9faadb8cf4a46b385,benchmarks/dietGMTKN55/production-p25/accepted-inputs/gapwxc-gth-one-center/b2e8baefa411a57e279734f1d9bf4e849d682871/input.inp,exact
gapwxc-gth-one-center,b3855c64e9f61158f5e449e2df7b79bf1fa599d7,-2.900461310793707,,-1.0544472480865115E+00,2.0000001303492119E+00,9,spark,tmux,2026-08-25T05:49:45+02:00,production-default,1:50.62,27739024,2384e54cf1e0aa54abfa8e1de7c3a6757cfb53c037d02ced350183f4d6d3da75,benchmarks/dietGMTKN55/production-p25/accepted-inputs/gapwxc-gth-one-center/b3855c64e9f61158f5e449e2df7b79bf1fa599d7/input.inp,exact
gapwxc-gth-one-center,b9fd326ed53567233bdbfdddd9e222bbe4a5ddd9,-55.973628913073448,-0.00318125541902,-1.2365697382798858E+01,2.1999997910457129E+01,16,terok,tmux,2026-08-27T03:55:10+02:00,pbe-seeded-diis-full-all-75x10,21:05.64,33647592,3497e5aa396b439454c712a9842ff387bf77cb6b9df079973124ce3df0cf83fe,benchmarks/dietGMTKN55/production-p25/accepted-inputs/gapwxc-gth-one-center/b9fd326ed53567233bdbfdddd9e222bbe4a5ddd9/input.pbe-seeded.inp,exact
gapwxc-gth-one-center,ba35f2d4baf684590e805dc4bca56bfe3a88629d,-154.110058200522985,-0.04461307304118,-4.0938757050129816E+01,8.4000014945925855E+01,111,rosi,495757,2026-08-25T13:51:57+02:00,production-default,4:16:18,31622108,7f23cd588f4b83b020eebdf036b9c2311d855f738953fc614148fb8399c22b66,benchmarks/dietGMTKN55/production-p25/accepted-inputs/gapwxc-gth-one-center/ba35f2d4baf684590e805dc4bca56bfe3a88629d/input.inp,exact
gapwxc-gth-one-center,c057e61d2d234c2afc4d54f39aa6a56272f50994,-17.232726568982617,-0.00057405582556,-4.2460235500532395E+00,7.9999979155442196E+00,20,terok,tmux,,production-default,18:14.51,25322244,1b0a31f5387ba405e1e0cba27e7de5e19f167a8c721995dc1a2b51bd208a0a9d,benchmarks/dietGMTKN55/production-p25/accepted-inputs/gapwxc-gth-one-center/c057e61d2d234c2afc4d54f39aa6a56272f50994/input.inp,exact
gapwxc-gth-one-center,c0a42a876d5926f916d912ab1353939a72adb1b3,-84.261061206056112,-0.02623733333056,-2.3072205097191016E+01,4.7999997707637959E+01,54,rosi,494489,2026-08-25T04:50:49+02:00,production-default,1:16:41,28021688,db940506bfe0e3ff922ea30fc532bb7ba71606731d57f4d2b60fb6f013cb7466,benchmarks/dietGMTKN55/production-p25/accepted-inputs/gapwxc-gth-one-center/c0a42a876d5926f916d912ab1353939a72adb1b3/input.inp,exact
gapwxc-gth-one-center,c31a98614228b6fa1ca598d538f53f15edc1e7f2,-13.580083078329729,-0.00574748708166,-5.1192215230015226E+00,1.3999999046228400E+01,70,terok,tmux,,production-default,1:48:22,31522528,4265d6c442bf7dd38b933ae856e037b893d353eb5ee34836256fb3e7a3df4907,benchmarks/dietGMTKN55/production-p25/accepted-inputs/gapwxc-gth-one-center/c31a98614228b6fa1ca598d538f53f15edc1e7f2/input.inp,exact
gapwxc-gth-one-center,c3633f9e65350d139c6c3ad89da11a0c8c14e12d,-17.232678178133462,-0.00057402959801,-4.2465328656461825E+00,7.9999977725293006E+00,30,terok,tmux,,production-default,26:31.01,25388548,3e701555e666fb69e3af99be44284f3d3e1343bb0b3be6f4d8cb8b59eae0ceba,benchmarks/dietGMTKN55/production-p25/accepted-inputs/gapwxc-gth-one-center/c3633f9e65350d139c6c3ad89da11a0c8c14e12d/input.inp,exact
gapwxc-gth-one-center,c3b0d87b540d1a68d95ba7de6d40b7e6ec6f6229,-70.225800927408017,-0.02492073000278,-2.0901319549464709E+01,4.5999982915903686E+01,47,rosi,494782,2026-08-25T10:04:40+02:00,production-default,1:12:07,29653460,4b60a1f20443ad8ebafd58b23a531044d44249081ad0463d0094327b8ed41f1a,benchmarks/dietGMTKN55/production-p25/accepted-inputs/gapwxc-gth-one-center/c3b0d87b540d1a68d95ba7de6d40b7e6ec6f6229/input.inp,exact
gapwxc-gth-one-center,c438ecfbf67f51eca696e2fa7ba69dbeb4bb9477,-135.278794978485905,-0.06757477213232,-4.0440727698901611E+01,9.0000048062449892E+01,126,spark,tmux,2026-08-26T15:55:25+02:00,production-default,3:43:42,50532136,4da62f7aff1904cd4c5d0ae95b4d8c3f6edfcd9d5b3d1a9530824f050a2cfd36,benchmarks/dietGMTKN55/production-p25/accepted-inputs/gapwxc-gth-one-center/c438ecfbf67f51eca696e2fa7ba69dbeb4bb9477/input.inp,exact
gapwxc-gth-one-center,c493f487fdbf38e9ef81bcdb348b7de9fc717cd6,-37.626628021846749,-0.01894287048724,-1.2489472294577210E+01,3.0000018059654209E+01,40,terok,tmux,,production-default,1:31:20,35409588,2f07da20994dfca1f41737a4374118186cfa1629ef45172543d3b405ec80e46d,benchmarks/dietGMTKN55/production-p25/accepted-inputs/gapwxc-gth-one-center/c493f487fdbf38e9ef81bcdb348b7de9fc717cd6/input.inp,exact
gapwxc-gth-one-center,c58f96ca83bd02459953a19999635c6eda23fbc4,-129.644879366258976,-0.06345696769707,-3.8709378726790433E+01,8.5999904642994238E+01,133,rosi,497021,2026-08-26T06:41:46+02:00,production-default,7:49:20,35147404,fda0d2198ad113cb4286716178f382b37bcde69988da7648ab4511d17a3b53f9,benchmarks/dietGMTKN55/production-p25/accepted-inputs/gapwxc-gth-one-center/c58f96ca83bd02459953a19999635c6eda23fbc4/input.inp,exact
gapwxc-gth-one-center,c5e3267205bc0da9842625ac1a35c2d4873a0b89,-21.828475382194480,-0.00993909636210,-8.1286738090290171E+00,2.0000000040260289E+01,12,terok,tmux,2026-08-27T04:11:32+02:00,pbe-seeded-diis-full-all-75x10,25:54.17,37484432,b48b6d8b7d981a1e7dd24b6a31970618af9fcb95083c26d69dc5de4d2885590d,benchmarks/dietGMTKN55/production-p25/accepted-inputs/gapwxc-gth-one-center/c5e3267205bc0da9842625ac1a35c2d4873a0b89/input.pbe-seeded.inp,exact
gapwxc-gth-one-center,c730d6eb2a60aab6406b851c4ff91e472792a473,-39.772850978315049,-0.00907354371861,-1.0989453213802177E+01,2.5999994330815372E+01,44,terok,tmux,,production-default,1:13:03,37476064,69fe7a5bf010c5fee5d950dd880ade2cf6141a0055d69c1ec6400dcb8c551297,benchmarks/dietGMTKN55/production-p25/accepted-inputs/gapwxc-gth-one-center/c730d6eb2a60aab6406b851c4ff91e472792a473/input.inp,exact
gapwxc-gth-one-center,c8e5edfab7fc8e93fc4a4e661566e048772c8f34,-24.513144297164004,-0.00188402859253,-5.9233230596593227E+00,9.9999985569374665E+00,32,terok,tmux,,production-default,51:34.06,28728728,8450e5ce7b3a72facdce2fd50ff6bd0eb65131fd95a0323af87d18b3a566dfb8,benchmarks/dietGMTKN55/production-p25/accepted-inputs/gapwxc-gth-one-center/c8e5edfab7fc8e93fc4a4e661566e048772c8f34/input.inp,exact
gapwxc-gth-one-center,cae8d4ef1c25ad4a871ee9af8721d855c34731ea,-17.501764121941843,-0.00106333136795,-4.3382221545168189E+00,7.9999976677155198E+00,17,terok,tmux,,production-default,29:57.06,28750696,3568ce497349fb21f04c6ec39b2d9a3cad61c4e5bb1000fe3565b12eb950175a,benchmarks/dietGMTKN55/production-p25/accepted-inputs/gapwxc-gth-one-center/cae8d4ef1c25ad4a871ee9af8721d855c34731ea/input.inp,exact
gapwxc-gth-one-center,cb06d2a1d55acb75f8b039f41acbb3165684a9ef,-20.618455840138985,-0.00415005875613,-5.0866889555658599E+00,1.4000000013190069E+01,44,terok,tmux,,production-default,1:06:45,30714548,2d14a16761cc4ee987fe58015195762e0224e5af0464107a8a57e37845620b12,benchmarks/dietGMTKN55/production-p25/accepted-inputs/gapwxc-gth-one-center/cb06d2a1d55acb75f8b039f41acbb3165684a9ef/input.inp,exact
gapwxc-gth-one-center,cc4b4538871e146b47063a895d5bf8a81671d96a,-84.265686905115416,-0.02648525074460,-2.3075234117208247E+01,4.7999985691522397E+01,58,rosi,494497,2026-08-25T05:22:30+02:00,production-default,1:25:31,27989512,51462c045694fec372affcfb89a9cab4a8a13d1193666f598097d38a1e2ee8ba,benchmarks/dietGMTKN55/production-p25/accepted-inputs/gapwxc-gth-one-center/cc4b4538871e146b47063a895d5bf8a81671d96a/input.inp,exact
gapwxc-gth-one-center,ce7058c6744fbdf1d732dd3a0b1a9dc6c1923467,-4.970722340681108,-0.00008161367348,-1.5697543952358459E+00,2.9999999844393694E+00,35,terok,tmux,2026-08-27T00:41:42+02:00,pbe-seeded-diis-full-all-75x10,30:52.72,31276448,4281f7cd857167dab3d928d16c24e0b5ed7505a35504882358b4264e293b7f81,benchmarks/dietGMTKN55/production-p25/accepted-inputs/gapwxc-gth-one-center/ce7058c6744fbdf1d732dd3a0b1a9dc6c1923467/input.pbe-seeded.inp,exact
gapwxc-gth-one-center,ceffc1e8797c2402e47ddd77b50dfe87a777d9d6,-48.331571325015346,-0.00027590923397,-9.1762426745751409E+00,1.3999993319299588E+01,17,spark,tmux,2026-08-25T07:03:05+02:00,production-default,3:57.50,30976872,6af220acda94fb26f03d25451a124436dd8e53842c75f554a5d58322978a5c19,benchmarks/dietGMTKN55/production-p25/accepted-inputs/gapwxc-gth-one-center/ceffc1e8797c2402e47ddd77b50dfe87a777d9d6/input.inp,exact
gapwxc-gth-one-center,d015b129baf65e034a905de13fd6ef5fe50174ee,-21.599844485629987,-0.00497808032320,-5.1766488317628800E+00,1.3999999935300197E+01,31,terok,tmux,,production-default,43:24.68,28736508,6ef1537426777cc69cfd75ae381f442db88dd68d68f3cdd2cb3f1438f6233b91,benchmarks/dietGMTKN55/production-p25/accepted-inputs/gapwxc-gth-one-center/d015b129baf65e034a905de13fd6ef5fe50174ee/input.inp,exact
gapwxc-gth-one-center,d078cfcbf6d52ba080868acb0560296bb7c4542a,-34.921454764196206,,-5.9790243277027697E+00,7.9999997961748734E+00,9,spark,tmux,2026-08-25T06:05:12+02:00,production-default,1:55.61,27752032,c03d11884ea25a1e467fcb0e62b68959f687bcbefb3c2ebd45067ed3b4ab16a7,benchmarks/dietGMTKN55/production-p25/accepted-inputs/gapwxc-gth-one-center/d078cfcbf6d52ba080868acb0560296bb7c4542a/input.inp,exact
gapwxc-gth-one-center,d3bdfae074e1abf643535351c79e74139e0a4cd4,-17.232654424584808,-0.00057409158537,-4.2360375308973595E+00,7.9999984893767735E+00,15,terok,tmux,,production-default,14:15.90,25337540,e669552d60ea495ed8ac5cee8c74f106ee28a6f0889ef14471296c97f25bdc6f,benchmarks/dietGMTKN55/production-p25/accepted-inputs/gapwxc-gth-one-center/d3bdfae074e1abf643535351c79e74139e0a4cd4/input.inp,exact
gapwxc-gth-one-center,d6fdac5bc900901308ee0a72d54e7a8237f338fd,-116.229782801544530,-0.00739590288368,-2.4775608688287296E+01,4.1999998541826606E+01,14,terok,tmux,,production-default,6:08:42,34544712,b0f7d9f58953afa528ea81028195d2c6fbc8b7a1d9863ceb9b4e3ed16b6b7d29,benchmarks/dietGMTKN55/production-p25/accepted-inputs/gapwxc-gth-one-center/d6fdac5bc900901308ee0a72d54e7a8237f338fd/input.inp,exact
gapwxc-gth-one-center,d929f727c595ea3611ab4140cbf80925b988a636,-47.817248973876787,-0.00125187329854,-1.0281044653991842E+01,1.7999998875681353E+01,14,terok,tmux,2026-08-27T03:27:03+02:00,pbe-seeded-diis-full-all-75x10,13:17.67,25275772,e23f5648344fe806816e49cdbb12a3ceb58e9f6bdfc974095847c6296f99373c,benchmarks/dietGMTKN55/production-p25/accepted-inputs/gapwxc-gth-one-center/d929f727c595ea3611ab4140cbf80925b988a636/input.pbe-seeded.inp,exact
gapwxc-gth-one-center,dd8d12bdf89611c451fb29645567ae45832f8e03,-128.078846170425749,-0.02643381801947,-2.9898687061950657E+01,5.6000009578450147E+01,51,spark,tmux,2026-08-26T06:49:15+02:00,production-default,31:59.36,40518332,94f211f6572111e5e80260504359cef070dbc5f85d5a188a4a23462eb39870a1,benchmarks/dietGMTKN55/production-p25/accepted-inputs/gapwxc-gth-one-center/dd8d12bdf89611c451fb29645567ae45832f8e03/input.inp,exact
gapwxc-gth-one-center,e0c78392db4d94437b1488f94cda865b2abc2771,-31.831459769857837,-0.01329850774511,-1.0727621750588774E+01,2.5999998220730948E+01,22,terok,tmux,,production-default,46:08.16,37531196,b4aad78cd3b19020f9fa3e17f3ad9997e506a71255ded6c5a190034927cd6e2c,benchmarks/dietGMTKN55/production-p25/accepted-inputs/gapwxc-gth-one-center/e0c78392db4d94437b1488f94cda865b2abc2771/input.inp,exact
gapwxc-gth-one-center,e36a8c19b3b46e20ed0aa0ce55ea232d3effff75,-128.072349747173064,-0.02610850378613,-2.9890340279183857E+01,5.5999987887094072E+01,94,spark,tmux,2026-08-26T05:50:32+02:00,production-default,58:42.90,40577916,01507573181525aa449e9aca450e4ecda522970ea0d58e69abf6261d38802f3e,benchmarks/dietGMTKN55/production-p25/accepted-inputs/gapwxc-gth-one-center/e36a8c19b3b46e20ed0aa0ce55ea232d3effff75/input.inp,exact
gapwxc-gth-one-center,e416a91deea914db4d2bae981d58e93623122a8f,-124.372453541116201,-0.05462712434435,-3.7276097421085289E+01,8.1999974898410429E+01,41,spark,tmux,2026-08-26T19:39:07+02:00,production-default,1:14:49,53695532,586b300f5b7129928c0a6561d8d6415232600b6ea5e24c98651036955dc98108,benchmarks/dietGMTKN55/production-p25/accepted-inputs/gapwxc-gth-one-center/e416a91deea914db4d2bae981d58e93623122a8f/input.inp,exact
gapwxc-gth-one-center,e4c70d8e604f01bf855b7f9591344fa541d89bf5,-5.014999012191994,-0.00163435277288,-1.8231714203947644E+00,6.0000000178741324E+00,21,terok,tmux,,production-default,15:49.07,28388820,8b3a71a2fd9c26670cf3c561739caf58764bde5d1aa98c4ea665c398f96e5ad1,benchmarks/dietGMTKN55/production-p25/accepted-inputs/gapwxc-gth-one-center/e4c70d8e604f01bf855b7f9591344fa541d89bf5/input.inp,exact
gapwxc-gth-one-center,e53514c3c97e5bf64b5f846a7ec6f04560d3679a,-49.371557865568036,-0.02296865020730,-1.6156082133114854E+01,3.8000000192229564E+01,47,rosi,494473,2026-08-25T03:50:31+02:00,production-default,59:59.82,29611584,a2e3291f8f450a568dd5c80e02ac5eaf9cc0cd772196e3e208e3d5f32f9a4f99,benchmarks/dietGMTKN55/production-p25/accepted-inputs/gapwxc-gth-one-center/e53514c3c97e5bf64b5f846a7ec6f04560d3679a/input.inp,exact
gapwxc-gth-one-center,e669e0db73bcc3cec7d15c6d1d3b6310cff0ec42,-46.868530273748902,-0.00208490062771,-9.7168651103136146E+00,1.8999998694492909E+01,1,terok,tmux,2026-08-26T14:57:03+02:00,diis-full-all-clean-finalization,1:50.61,34455276,c9e23fd2aa2ef9bc723a202551da7b137b05c360e1f1bf841339303af47f211c,benchmarks/dietGMTKN55/production-p25/accepted-inputs/gapwxc-gth-one-center/e669e0db73bcc3cec7d15c6d1d3b6310cff0ec42/input.verify.inp,exact
gapwxc-gth-one-center,e7277ed95ca4511a3ef3b3348714d11f4dcfb03a,-52.977251437539344,-0.02134996192023,-1.6637769487375380E+01,3.7999993985541899E+01,51,spark,tmux,2026-08-25T10:18:31+02:00,production-default,41:24.78,40512068,6cccfaa65b8797d28770d379dcb17af6f6db3a24c885ab7664f38566cb299beb,benchmarks/dietGMTKN55/production-p25/accepted-inputs/gapwxc-gth-one-center/e7277ed95ca4511a3ef3b3348714d11f4dcfb03a/input.inp,exact
gapwxc-gth-one-center,e753387582bf99afef9d4607a8535cc161ae85bf,-69.843188217615818,-0.00013800663313,-1.1957977696734734E+01,1.5999999493357862E+01,8,spark,tmux,2026-08-25T08:29:32+02:00,production-default,2:00.88,31041456,e79db659f8fdc2634eaf02f6f2b9533fd921aa015d6c75c177935a04b868ff21,benchmarks/dietGMTKN55/production-p25/accepted-inputs/gapwxc-gth-one-center/e753387582bf99afef9d4607a8535cc161ae85bf/input.inp,exact
gapwxc-gth-one-center,e7f3bc30d95e5585b7c90668756b9828509b2079,-13.712392728543936,-0.00394412527750,-4.8553082669436733E+00,1.1999997893780396E+01,31,terok,tmux,,production-default,56:38.44,30534312,35280dfb9b95c8e24d2d4d0ea3dc87e22c949db9e86b2ee97a13240c6f5759df,benchmarks/dietGMTKN55/production-p25/accepted-inputs/gapwxc-gth-one-center/e7f3bc30d95e5585b7c90668756b9828509b2079/input.inp,exact
gapwxc-gth-one-center,eab10abc0d1f2d392ceb7e382c2bfed902810c08,-14.951357445050890,-0.00541891049438,-5.6616032575505528E+00,1.3999995716081852E+01,24,terok,tmux,,production-default,39:56.26,35466544,afbc7d8ffd5fb22292a43c3ad1939d5e8eaa90e5fbe94b6a402076ff9e04ff2a,benchmarks/dietGMTKN55/production-p25/accepted-inputs/gapwxc-gth-one-center/eab10abc0d1f2d392ceb7e382c2bfed902810c08/input.inp,exact
gapwxc-gth-one-center,f03c2e7e45375b6c6b716494a7d62ea791ed0c12,-16.066780439215712,-0.00120409628614,-3.5600633961708894E+00,8.9999999890505737E+00,96,terok,tmux,,production-default,2:34:20,33664868,efd8ef5e805e3e2f017564a44f977f91dc9c39dc45b2153fc5dc51492c79fa7c,benchmarks/dietGMTKN55/production-p25/accepted-inputs/gapwxc-gth-one-center/f03c2e7e45375b6c6b716494a7d62ea791ed0c12/input.inp,exact
gapwxc-gth-one-center,f1adf6178a9f4598a711045555ede9b92ad6fc80,-61.626493843848067,-0.00882969112033,-1.5357596384458880E+01,2.9999983870315543E+01,17,terok,tmux,2026-08-27T02:50:29+02:00,pbe-seeded-diis-full-all-75x10,32:08.92,36403980,786fa2c0930580ff73049391df6b44199aebdeecc29f0935a428a3d22d39edf9,benchmarks/dietGMTKN55/production-p25/accepted-inputs/gapwxc-gth-one-center/f1adf6178a9f4598a711045555ede9b92ad6fc80/input.pbe-seeded.inp,exact
gapwxc-gth-one-center,f1c595ed08dec73d952feb2b47461aa6e6d8d178,-128.210162057366858,-0.04129527029055,-3.4877328156044982E+01,7.2000001694747311E+01,64,rosi,496403,2026-08-25T18:08:19+02:00,production-default,2:42:48,31590020,b901e1a527f39630d1a929e29d7251e177e92da58cf134cf3885efac13a49986,benchmarks/dietGMTKN55/production-p25/accepted-inputs/gapwxc-gth-one-center/f1c595ed08dec73d952feb2b47461aa6e6d8d178/input.inp,exact
gapwxc-gth-one-center,f29618c64b37a8913111ec044fb79f7cd353e07e,-29.949656792148701,-0.00205406118189,-5.7745405930557521E+00,1.4000000693432940E+01,39,spark,tmux,2026-08-25T08:21:21+02:00,production-default,8:11.41,30991516,b67bebd06d5341c3874ce55bc22cfda50089e54b3d532ed09cb1619beb044030,benchmarks/dietGMTKN55/production-p25/accepted-inputs/gapwxc-gth-one-center/f29618c64b37a8913111ec044fb79f7cd353e07e/input.inp,exact
gapwxc-gth-one-center,f387960cd95b83684a1d120457d607fabc843870,-35.582980128239491,-0.02002912151326,-1.3102868593233730E+01,3.1999982316799333E+01,29,rosi,494600,2026-08-25T09:24:57+02:00,production-default,39:39.43,28560596,577b6fc7b5817e17a72b736ec59ec22d4006ab8f93766d57e7b551359f3a78a6,benchmarks/dietGMTKN55/production-p25/accepted-inputs/gapwxc-gth-one-center/f387960cd95b83684a1d120457d607fabc843870/input.inp,exact
gapwxc-gth-one-center,f3998cad94adf5dd75c6e5e793ee0ac7914e9b9c,-92.284804535776203,-0.06194978616660,-3.0230578151119929E+01,7.2000039686807511E+01,137,rosi,496581,2026-08-25T19:53:04+02:00,production-default,7:25:22,33033508,87b8d2d02ba2221e26a7d5965d60894ff858df13a004c38322d79a63f818f7db,benchmarks/dietGMTKN55/production-p25/accepted-inputs/gapwxc-gth-one-center/f3998cad94adf5dd75c6e5e793ee0ac7914e9b9c/input.inp,exact
gapwxc-gth-one-center,f40696896801f4b15dc671a91955fe5de607d829,-98.818651834538386,-0.02741956228873,-2.5563380129735496E+01,5.3999971762996118E+01,70,terok,tmux,,production-default,2:53:47,37185504,743f09a8f91c68fc50092f14a2e51a61d882dbb2e4d74d78187b3605219b667a,benchmarks/dietGMTKN55/production-p25/accepted-inputs/gapwxc-gth-one-center/f40696896801f4b15dc671a91955fe5de607d829/input.inp,exact
gapwxc-gth-one-center,f539e6c9a52a881fdd9cc6018b7b03df2f6d56e3,-11.741864935702891,-0.00121964486072,-3.6260859532920415E+00,7.9999982247321020E+00,36,terok,tmux,,production-default,1:00:34,28673676,4845501340cde8ae9f7954acc2e2a734cd43c606ecbc891764ebdfe8574909a0,benchmarks/dietGMTKN55/production-p25/accepted-inputs/gapwxc-gth-one-center/f539e6c9a52a881fdd9cc6018b7b03df2f6d56e3/input.inp,exact
gapwxc-gth-one-center,f6b39f475871022c2c55f1b0925efb6323574104,-14.021080682116249,-0.00068511796971,-2.9389871026911276E+00,7.9999999844661538E+00,19,terok,tmux,,production-default,11:19.20,25138000,3be518e6259978cb3dd1c350750f29e934bfbf1e66d888bd7768634ee22673bd,benchmarks/dietGMTKN55/production-p25/accepted-inputs/gapwxc-gth-one-center/f6b39f475871022c2c55f1b0925efb6323574104/input.inp,exact
gapwxc-gth-one-center,f8060f0d3916b0225e52f85ab2a76ad4bf7bcad5,-26.221956561062704,-0.01098933662960,-9.0455888618557871E+00,2.1999992687820665E+01,26,terok,tmux,,production-default,55:20.28,36211396,b96b38ae8faf775787acf5494dc410b447c109b369364d69c3682c3a38214e0a,benchmarks/dietGMTKN55/production-p25/accepted-inputs/gapwxc-gth-one-center/f8060f0d3916b0225e52f85ab2a76ad4bf7bcad5/input.inp,exact
gapwxc-gth-one-center,f8f2560bccbc0c94912b83fb05b07a27c4587ded,-70.623752518434571,-0.00453692922736,-1.5751019414846553E+01,2.7999996381267323E+01,35,terok,tmux,,production-default,1:02:54,36632272,cad7f42bcae6cf84c29dd81a9e427e121127186816903d42eb4b74ebb343284b,benchmarks/dietGMTKN55/production-p25/accepted-inputs/gapwxc-gth-one-center/f8f2560bccbc0c94912b83fb05b07a27c4587ded/input.inp,exact
gapwxc-gth-one-center,fa8d7862859673d50baebca5ed2ed6b199ee4452,-71.517478136267741,-0.01889001342036,-1.5118501725459693E+01,3.5999999823126373E+01,52,terok,tmux,,production-default,1:17:50,34621880,0d4f6324e802c58d7a6ef1fe52e22ff88e10da653eaefd57b974ee3b533b30c9,benchmarks/dietGMTKN55/production-p25/accepted-inputs/gapwxc-gth-one-center/fa8d7862859673d50baebca5ed2ed6b199ee4452/input.inp,exact
gapwxc-gth-one-center,faf14c62104664adda7193cfdd9845b92f0fcc04,-8.077165653394243,-0.00191436094006,-3.1886293807442256E+00,8.0000020892518844E+00,18,terok,tmux,,production-default,33:32.77,32679808,5555d64ee5ce361e103c1609008b9eb69e2ec7da87229e594c64dd788e05bc22,benchmarks/dietGMTKN55/production-p25/accepted-inputs/gapwxc-gth-one-center/faf14c62104664adda7193cfdd9845b92f0fcc04/input.inp,exact
gapwxc-gth-one-center,fb3d986fc33651bbe6a902ea30a160fa670266eb,-134.304406909859722,-0.07281167424605,-4.0130043556684285E+01,8.9999977655614458E+01,182,rosi,496940,2026-08-26T03:18:30+02:00,production-default,5:58:31,32614672,d3cc3461a32f63521b526ffd5995cc71b66e3c23019ec26516aee1b16f653ba6,benchmarks/dietGMTKN55/production-p25/accepted-inputs/gapwxc-gth-one-center/fb3d986fc33651bbe6a902ea30a160fa670266eb/input.inp,exact
gapwxc-gth-one-center,fc7b7a815ecba9239a59df1bafebb4a71091693e,-22.252023071342212,-0.00354604928336,-6.0783426433853585E+00,1.3999998136328388E+01,22,terok,tmux,,production-default,31:56.45,34838604,5f335938573de9fc969de6829e5acfe7bcb816e1243bb36be28e809004f7de18,benchmarks/dietGMTKN55/production-p25/accepted-inputs/gapwxc-gth-one-center/fc7b7a815ecba9239a59df1bafebb4a71091693e/input.inp,exact
gapwxc-gth-one-center,ff65e525b750e13bf9ea5186a2a4dfd6ffcd8472,-49.873586608588347,-0.00592660400069,-1.1640630244460603E+01,2.1999995250338102E+01,30,terok,tmux,,production-default,56:16.12,37643068,388879853821c14825597d5466861ed86a5fa028fb48d388fdb9ae0c62718c47,benchmarks/dietGMTKN55/production-p25/accepted-inputs/gapwxc-gth-one-center/ff65e525b750e13bf9ea5186a2a4dfd6ffcd8472/input.inp,exact
hybrid-direct-heavy,0530e9dc2c122968e5f4da5285d7a524c3567d9f,-2584.475446105951050,-0.00643198534630,-9.6667416968610141E+01,4.3999981312039964E+01,11,rosi,496640,2026-08-25T20:27:28+02:00,production-default,1:37:56,48946912,e49090e8fe7e6fa019998207a22c8683195181984d05fa68906c328f0078e82a,benchmarks/dietGMTKN55/production-p25/accepted-inputs/hybrid-direct-heavy/0530e9dc2c122968e5f4da5285d7a524c3567d9f/input.inp,exact
hybrid-direct-heavy,0baf9de9479b8276905c82d926f639d334a9c5da,-7.179008747544623,-0.00314600643735,-2.3345089108282449E+00,7.9999997686659947E+00,54,rosi,496553,2026-08-25T19:33:56+02:00,production-default,16:56.27,42639812,883fb71347b56b4afd32d2f6f9b63abfa5d7c497b758d7ffb86c7c4df8169a84,benchmarks/dietGMTKN55/production-p25/accepted-inputs/hybrid-direct-heavy/0baf9de9479b8276905c82d926f639d334a9c5da/input.inp,exact
hybrid-one-center-heavy,0530e9dc2c122968e5f4da5285d7a524c3567d9f,-2584.475496382766778,-0.00643198534630,-9.6667441304848936E+01,4.3999981319308652E+01,12,rosi,496737,2026-08-25T22:05:28+02:00,production-default,1:36:48,47528784,e28495cea27cb7650168341e87892459e9ef31068c1f642d910141b335fbd57c,benchmarks/dietGMTKN55/production-p25/accepted-inputs/hybrid-one-center-heavy/0530e9dc2c122968e5f4da5285d7a524c3567d9f/input.inp,exact
hybrid-one-center-heavy,0baf9de9479b8276905c82d926f639d334a9c5da,-7.179055972716213,-0.00314600643735,-2.3345339344716032E+00,7.9999997686700528E+00,54,rosi,496554,2026-08-25T19:33:56+02:00,production-default,17:06.28,41406656,65a175e61433c38a5e147007ca7a4aa7b9e439573d2b94f504defbf6e8d7c182,benchmarks/dietGMTKN55/production-p25/accepted-inputs/hybrid-one-center-heavy/0baf9de9479b8276905c82d926f639d334a9c5da/input.inp,exact
shared-gapw-ae,00333493a55a481e863241b5357e055f4054bb24,-109.524735475832884,-0.00075258917085,-1.3674174358008264E+01,1.3999996515535932E+01,20,rosi,494439,2026-08-25T02:39:54+02:00,production-default,12:44.70,43741112,1ae7e13cebd093bbff44d1c3308d3fe6c91eae4b1e95c97ff2feee3a36758d39,benchmarks/dietGMTKN55/production-p25/accepted-inputs/shared-gapw-ae/00333493a55a481e863241b5357e055f4054bb24/input.cpu.inp,exact
shared-gapw-ae,01f6f1691583cf2bf57ab1ea88c92322018b4dde,-1.173209102909081,-0.00014243915600,-6.9580451836740287E-01,2.0000000088318779E+00,10,rosi,494440,2026-08-25T02:41:23+02:00,production-default,7:12.21,40584088,40ebc35614a98b5e6dec17cef5b7e0346c50137afec5ca813e91683d8bfaff52,benchmarks/dietGMTKN55/production-p25/accepted-inputs/shared-gapw-ae/01f6f1691583cf2bf57ab1ea88c92322018b4dde/input.cpu.inp,exact
shared-gapw-ae,02691b7f604e1f85ca698912104dfdf0724c5691,-559.926642378713268,-0.00072451984174,-3.8618544943176182E+01,2.5999998712405564E+01,35,rosi,494467,2026-08-25T03:47:11+02:00,production-default,23:44.48,43923988,19388077f02303c70cde5dfb1d26c4f4a9e4de3e9f3a927da59b2bf6ca923891,benchmarks/dietGMTKN55/production-p25/accepted-inputs/shared-gapw-ae/02691b7f604e1f85ca698912104dfdf0724c5691/input.cpu.inp,exact
shared-gapw-ae,0281f91ab5c4e8292ef61cb99f55e1efc9cb90d6,-460.140782580386713,,-2.8207541659661132E+01,1.6999999845822387E+01,80,rosi,494430,2026-08-25T02:34:21+02:00,production-default,1:26:16,50342548,91814a4dbcfe730701cffebbd8246f6f73f82e1fd01e9f5d11df61abd702fce9,benchmarks/dietGMTKN55/production-p25/accepted-inputs/shared-gapw-ae/0281f91ab5c4e8292ef61cb99f55e1efc9cb90d6/input.cpu.inp,exact
shared-gapw-ae,0367553db31d820e3397cf573195e979e8a23842,-40.508385640299409,-0.00191378090635,-6.8783880492302618E+00,9.9999976407742892E+00,22,rosi,494548,2026-08-25T07:44:58+02:00,production-default,27:54.60,55463876,b1cd512ba0a3c9f1d7445fce8d75ad36d7254b76a6e725d87063dd4813780387,benchmarks/dietGMTKN55/production-p25/accepted-inputs/shared-gapw-ae/0367553db31d820e3397cf573195e979e8a23842/input.cpu.inp,exact
shared-gapw-ae,053d252e4457117cde6b791ea1b292d848da0bc6,-237.054568320551255,-0.02420342037504,-3.7790229167543245E+01,4.9999994839897127E+01,112,rosi,496946,2026-08-26T03:30:21+02:00,production-default,5:06:29,71065488,e2211f15089a9bad2b9e638bc8e4f554d8ece199234ebf808e7ac92f2bb73bbc,benchmarks/dietGMTKN55/production-p25/accepted-inputs/shared-gapw-ae/053d252e4457117cde6b791ea1b292d848da0bc6/input.cpu.inp,exact
shared-gapw-ae,08fab3d02b918e6d2460f05d048b7dc5babf1f73,-573.946612734642940,-0.05289155075179,-8.3297295987447356E+01,9.8000019889828650E+01,137,rosi,496986,2026-08-26T04:35:25+02:00,production-default,8:00:38,82704492,270433315ad06749e76c0c483fb2c9e6612504939d4f5489bf6defa37557a8a4,benchmarks/dietGMTKN55/production-p25/accepted-inputs/shared-gapw-ae/08fab3d02b918e6d2460f05d048b7dc5babf1f73/input.cpu.inp,exact
shared-gapw-ae,0c17607b97ab257b6f7951e919f1f90e69e31020,-669.074533498548817,-0.05294169499018,-9.3783374323944528E+01,1.0999996109641918E+02,5,rosi,497033,2026-08-26T07:58:43+02:00,production-default,17:31:22,90157132,a9e2e04bcd882d101664bcabb3072ecba5627326e15d9cae374fea7e729952ec,benchmarks/dietGMTKN55/production-p25/accepted-inputs/shared-gapw-ae/0c17607b97ab257b6f7951e919f1f90e69e31020/input.cpu.inp,exact
shared-gapw-ae,0f03197fec0dc9007b036b064aee41ac211bbcff,-726.811683467416515,-0.06430464866250,-1.0198931020154947E+02,1.1799982315421852E+02,164,rosi,497026,2026-08-26T07:00:38+02:00,production-default,11:58:29,91984184,0a980b419371b04cf86a699d076be8546fc635df3e7c25a3bd022e438bcadd7c,benchmarks/dietGMTKN55/production-p25/accepted-inputs/shared-gapw-ae/0f03197fec0dc9007b036b064aee41ac211bbcff/input.cpu.inp,exact
shared-gapw-ae,11779ff88d6df48af3086aa37cc4b17b3f90d139,-79.810591015856915,-0.00540442060338,-1.3073153924134303E+01,1.7999983882817844E+01,15,rosi,494921,2026-08-25T11:26:34+02:00,production-default,20:27.33,57116408,25ba55d472355bb8fafa9c96a8b419bac42935ebb5d49bb7aad89271b4bcebbc,benchmarks/dietGMTKN55/production-p25/accepted-inputs/shared-gapw-ae/11779ff88d6df48af3086aa37cc4b17b3f90d139/input.cpu.inp,exact
shared-gapw-ae,118202f023704920e2c278331937bf9573801016,-344.349879020681612,-0.02230584363831,-4.8511107088232365E+01,5.7999991214950605E+01,102,rosi,496942,2026-08-26T03:23:18+02:00,production-default,4:59:04,74122644,9d64e241ff5df3f826340b49ac968338a993b97a3796e9c7515ea846885058d1,benchmarks/dietGMTKN55/production-p25/accepted-inputs/shared-gapw-ae/118202f023704920e2c278331937bf9573801016/input.cpu.inp,exact
shared-gapw-ae,11c498e1486ad4e4b9852c773a940bbaa39fd209,-210.138415744976612,-0.01314609750912,-3.0443388647077306E+01,3.5999972425182449E+01,68,rosi,496031,2026-08-25T15:05:08+02:00,production-default,1:40:42,59350188,80fa28c6e82e675878583ccf4140576da1a05c8a7ab667a988f6bf8788d2130c,benchmarks/dietGMTKN55/production-p25/accepted-inputs/shared-gapw-ae/11c498e1486ad4e4b9852c773a940bbaa39fd209/input.cpu.inp,exact
shared-gapw-ae,135e34e684a41161eccc29e236b369093fceffcd,-75.770076340620051,-0.00024581438871,-9.1359891241608349E+00,9.9999981119788455E+00,63,rosi,494455,2026-08-25T03:41:08+02:00,production-default,40:15.11,40648812,6b9a28ad7f777f51d5aebe8325f3d6d403263e99dc5c15b4677c66907ec67150,benchmarks/dietGMTKN55/production-p25/accepted-inputs/shared-gapw-ae/135e34e684a41161eccc29e236b369093fceffcd/input.cpu.inp,exact
shared-gapw-ae,14641cd6bddcceee4f43c1174e4e4e6d8a9327ed,-155.678461316673861,-0.00139584164516,-1.7999778786647916E+01,1.7999996977472570E+01,68,rosi,494541,2026-08-25T07:21:27+02:00,production-default,56:28.89,51863956,feda945e84837fb860561b46632eb9c48f449f7a0aae5253b464cfeb985893bd,benchmarks/dietGMTKN55/production-p25/accepted-inputs/shared-gapw-ae/14641cd6bddcceee4f43c1174e4e4e6d8a9327ed/input.cpu.inp,exact
shared-gapw-ae,15f02decc3f313284dac945c91fee816c5f794be,-169.770550618509390,-0.00429064206675,-2.1898280933447261E+01,2.3999992145123674E+01,46,rosi,494603,2026-08-25T09:32:42+02:00,production-default,49:44.78,52569184,286fdb6f8f653cd08bbec2ca111ca6c50ebf4011cc9c0c0b1d190b7d30079b4a,benchmarks/dietGMTKN55/production-p25/accepted-inputs/shared-gapw-ae/15f02decc3f313284dac945c91fee816c5f794be/input.cpu.inp,exact
shared-gapw-ae,17748df2a4fce8ae29edeb5c18b5319d60279d1b,-237.055173367363722,-0.02657610741841,-3.7792671128433064E+01,4.9999928439682648E+01,79,rosi,496948,2026-08-26T03:36:48+02:00,production-default,3:23:24,67485960,3696d0501ee643d24159ba3cc955fef37d9210ef29afcb14824e236f381c52c2,benchmarks/dietGMTKN55/production-p25/accepted-inputs/shared-gapw-ae/17748df2a4fce8ae29edeb5c18b5319d60279d1b/input.cpu.inp,exact
shared-gapw-ae,17b142e759510636be3697cb6b5163474d65f866,-248.322259221382325,-0.01526111085787,-3.4171059296737802E+01,3.9999970682496091E+01,36,rosi,496506,2026-08-25T18:58:03+02:00,production-default,1:28:51,62137044,68727b999ab8952f3879a690ceafefb4c2cc91adfc0caddf88240be3fb775fcc,benchmarks/dietGMTKN55/production-p25/accepted-inputs/shared-gapw-ae/17b142e759510636be3697cb6b5163474d65f866/input.cpu.inp,exact
shared-gapw-ae,18523213f9133ced8440d2c7b30dcb631edfce6f,-237.053631906583547,-0.02483965916051,-3.7791056736937897E+01,5.0000024663620515E+01,72,rosi,496951,2026-08-26T03:44:26+02:00,production-default,3:06:01,68804168,100f6ac823d2f96f33009c71c823b9b2bdc0fb6c76e202bc0dc7bee6c4ea4ed4,benchmarks/dietGMTKN55/production-p25/accepted-inputs/shared-gapw-ae/18523213f9133ced8440d2c7b30dcb631edfce6f/input.cpu.inp,exact
shared-gapw-ae,189780f73db1c85a8b69d2208190f3b7476ac17d,-308.830421526236535,-0.01887427199014,-4.2552906200608064E+01,5.0000003896818725E+01,78,rosi,496843,2026-08-26T00:39:28+02:00,production-default,2:50:19,66023348,f7db59dc62942afb38d11aae40fefa8b938ea8cbe21712e78ca414fc8a893227,benchmarks/dietGMTKN55/production-p25/accepted-inputs/shared-gapw-ae/189780f73db1c85a8b69d2208190f3b7476ac17d/input.cpu.inp,exact
shared-gapw-ae,191c805e603e7c8399fb3cafdfe960cdd59edb3e,-552.993064205865949,-0.01534867203027,-4.8852884273034370E+01,4.3999990066819365E+01,110,rosi,495131,2026-08-25T12:44:30+02:00,production-default,2:58:25,59788616,e44982f63a2055797cc2f3687dc1e1c197765888d36bf21328f94f86767bb80c,benchmarks/dietGMTKN55/production-p25/accepted-inputs/shared-gapw-ae/191c805e603e7c8399fb3cafdfe960cdd59edb3e/input.cpu.inp,exact
shared-gapw-ae,1a4956f574431353b99ec57c7061439a7520f4aa,-631.515839484787989,-0.03150633562445,-6.1113809597052423E+01,5.9999963552787555E+01,8,rosi,496839,2026-08-26T00:39:27+02:00,production-default,8:30:44,67987724,7526f7f5369dbdf7b991636943aea540746b38a1ac283a1e7d237b4b6b1a4261,benchmarks/dietGMTKN55/production-p25/accepted-inputs/shared-gapw-ae/1a4956f574431353b99ec57c7061439a7520f4aa/input.cpu.inp,exact
shared-gapw-ae,1ba84d2e8e24eb3d2474ff5344fd5572a5e29d98,-56.557651925566610,-0.00121954731063,-8.0019683905297896E+00,9.9999950576286878E+00,18,rosi,494524,2026-08-25T06:14:06+02:00,production-default,15:25.86,51305180,ee92305212194d26b73fbb889720bd33a8c0ec5790296cb17a1491fdfb9598aa,benchmarks/dietGMTKN55/production-p25/accepted-inputs/shared-gapw-ae/1ba84d2e8e24eb3d2474ff5344fd5572a5e29d98/input.cpu.inp,exact
shared-gapw-ae,1e98e5428039d926bcd2f3279b449c25eb96ffbf,-237.052621711087028,-0.02552019003443,-3.7792207858506416E+01,4.9999959126284111E+01,63,rosi,496953,2026-08-26T03:51:00+02:00,production-default,2:57:16,71255204,6f0ed1781d8f59f77bc8d92e3071a54b8da40ca19292190604950c86b918768a,benchmarks/dietGMTKN55/production-p25/accepted-inputs/shared-gapw-ae/1e98e5428039d926bcd2f3279b449c25eb96ffbf/input.cpu.inp,exact
shared-gapw-ae,201f3e4ae68c81514a7a6f7ac49fdc15588c08d6,-578.724162250215613,-0.06049750381760,-8.5844639442545372E+01,1.0199995057797803E+02,4,rosi,497010,2026-08-26T05:53:35+02:00,production-default,13:15:21,87206856,15a299ad5a161242256c8007a909c1f45f881745e294661a1e734136f5043562,benchmarks/dietGMTKN55/production-p25/accepted-inputs/shared-gapw-ae/201f3e4ae68c81514a7a6f7ac49fdc15588c08d6/input.cpu.inp,exact
shared-gapw-ae,203a52bb521920877256c0061ef54cff18be3a82,-500.111907675278189,-0.00382879911594,-3.4780265486029833E+01,2.5999994053408489E+01,38,rosi,494557,2026-08-25T08:20:49+02:00,production-default,41:49.01,56383516,2ad51b143cfe122e31e58b2db60fa1204310bc41c94b0465bf732fb32c321092,benchmarks/dietGMTKN55/production-p25/accepted-inputs/shared-gapw-ae/203a52bb521920877256c0061ef54cff18be3a82/input.cpu.inp,exact
shared-gapw-ae,2151c2305deffd59be77cc29782cccdf1af02ce5,-306.051608577797424,-0.00713682345586,-3.7305456985481868E+01,3.9999992617132591E+01,91,rosi,496672,2026-08-25T21:10:44+02:00,production-default,3:17:47,69128008,9dc03e970acffb20200fab82810fbe9c43c0828c3ea8bef156b8abe80b4f0c79,benchmarks/dietGMTKN55/production-p25/accepted-inputs/shared-gapw-ae/2151c2305deffd59be77cc29782cccdf1af02ce5/input.cpu.inp,exact
shared-gapw-ae,23c21afd51af656dfc21c45a5fd9d158c6cfea77,-414.759839450275308,-0.01965956910456,-5.4082165432740631E+01,5.7999991397265809E+01,129,rosi,496556,2026-08-25T19:34:32+02:00,production-default,3:46:49,62770096,70c0f9887b8830b0dd640cf277a499b72fbc8c4d2d5142fb86633ba8131f2fba,benchmarks/dietGMTKN55/production-p25/accepted-inputs/shared-gapw-ae/23c21afd51af656dfc21c45a5fd9d158c6cfea77/input.cpu.inp,exact
shared-gapw-ae,24426123c875445d526a5a025bb45206264f57d8,-56.557618506522907,-0.00121948875467,-8.0008270637231291E+00,9.9999949367540193E+00,21,rosi,494526,2026-08-25T06:26:09+02:00,production-default,19:23.39,51344400,85789b2812981e5c4282f377ffd0d966a59fdeb686b99217a1c3080b9060c5c1,benchmarks/dietGMTKN55/production-p25/accepted-inputs/shared-gapw-ae/24426123c875445d526a5a025bb45206264f57d8/input.cpu.inp,exact
shared-gapw-ae,2a021c86e3afb89152aff26754e4f5b2971a7ca4,-616.500070161171948,-0.00431779596529,-4.6629641839803838E+01,3.5999992356570033E+01,97,rosi,494606,2026-08-25T09:38:36+02:00,production-default,1:30:55,62470272,8c044ee7d69064eb4fc01f34d8d6cdeee0c7e3d8c7e3f4ea80919233a97e8aa2,benchmarks/dietGMTKN55/production-p25/accepted-inputs/shared-gapw-ae/2a021c86e3afb89152aff26754e4f5b2971a7ca4/input.cpu.inp,exact
shared-gapw-ae,2c1aa358634e83f4cc5c556da4418f5f4072cc19,-56.555442651025139,-0.00121975040308,-7.9753452025718330E+00,9.9999960650689186E+00,16,rosi,494527,2026-08-25T06:28:10+02:00,production-default,15:29.93,51301832,1900dfe7a5fe79cc1e86cd99d1b2107497632728fa724e1a3cd903cb93a40f07,benchmarks/dietGMTKN55/production-p25/accepted-inputs/shared-gapw-ae/2c1aa358634e83f4cc5c556da4418f5f4072cc19/input.cpu.inp,exact
shared-gapw-ae,2cdae551874911a8df2b69cf0bb5556657afa4c8,-275.159628651722414,-0.03105467779841,-4.3249302476190522E+01,5.5999982798054589E+01,38,rosi,496961,2026-08-26T04:03:52+02:00,production-default,1:49:11,69983668,bae255f83f847fe5257d6118d51701edc63079532e400fc4e30ed20d2b39ea24,benchmarks/dietGMTKN55/production-p25/accepted-inputs/shared-gapw-ae/2cdae551874911a8df2b69cf0bb5556657afa4c8/input.cpu.inp,exact
shared-gapw-ae,2d569978edf598265481ff3d976f1aa692b01741,-238.252851234632146,-0.02465824505707,-3.8466185853127200E+01,5.2000026018949406E+01,61,rosi,496966,2026-08-26T04:19:55+02:00,production-default,3:38:35,69337948,2b538c82bdaf90951e10c9e5971adc04d77fae1ae599b1c6ccd5cd0411536d13,benchmarks/dietGMTKN55/production-p25/accepted-inputs/shared-gapw-ae/2d569978edf598265481ff3d976f1aa692b01741/input.cpu.inp,exact
shared-gapw-ae,2f4f855e3251762c1b915e3eaad24514a93209fd,-341.249507179067166,,-2.3183350637956714E+01,1.4999999781700941E+01,115,rosi,494422,2026-08-25T02:34:21+02:00,production-default,1:42:28,50269088,f1820c6217e0f911f3a9e3480357143368f9676d64fb1e26be4da11a9ff8ec50,benchmarks/dietGMTKN55/production-p25/accepted-inputs/shared-gapw-ae/2f4f855e3251762c1b915e3eaad24514a93209fd/input.cpu.inp,exact
shared-gapw-ae,2f8ea2b3daa2857c783213cbcc3ade308b22b7e8,-272.652004655912151,-0.02390218991543,-4.1649267457012101E+01,5.1999975806180267E+01,71,rosi,496878,2026-08-26T00:50:51+02:00,production-default,3:28:49,71870896,513a7244d6200f62cf0c87f5e66bd5d7684c43aaca7a102d81a18a9e4e2898e0,benchmarks/dietGMTKN55/production-p25/accepted-inputs/shared-gapw-ae/2f8ea2b3daa2857c783213cbcc3ade308b22b7e8/input.cpu.inp,exact
shared-gapw-ae,31c8c54e1ec7ae583a5b293004eec5aacb18d039,-232.207903568328447,-0.01894286622223,-3.4736400328604937E+01,4.2000005068645407E+01,83,rosi,496295,2026-08-25T17:04:01+02:00,production-default,2:30:16,64698056,419b0d0e2d375eede1b2c0139788d6de084107767287e84ff92694923f134e6d,benchmarks/dietGMTKN55/production-p25/accepted-inputs/shared-gapw-ae/31c8c54e1ec7ae583a5b293004eec5aacb18d039/input.cpu.inp,exact
shared-gapw-ae,33a11bce88b0ce1c6ac1f81fa176da9b8d68db02,-442.362882029173988,-0.00259779458132,-3.4421801711073215E+01,2.5999986520087656E+01,38,rosi,494542,2026-08-25T07:24:23+02:00,production-default,38:13.98,51955712,6c4a738381aa0d122409aeece881939308fea3261e7cd491aba3ab45e8b5563c,benchmarks/dietGMTKN55/production-p25/accepted-inputs/shared-gapw-ae/33a11bce88b0ce1c6ac1f81fa176da9b8d68db02/input.cpu.inp,exact
shared-gapw-ae,3a1bc965a5cdf0bb4c28dc9c54c639983ee02cd5,-797.586774127231024,-0.00501154775806,-5.2115252019905562E+01,3.3999988040165768E+01,184,rosi,494528,2026-08-25T06:30:10+02:00,production-default,2:28:17,49947476,9497d8c2d9638a03d7a5c4cdc7e9113fc48ba81c91f9839d1976b7c8fd5bbbe2,benchmarks/dietGMTKN55/production-p25/accepted-inputs/shared-gapw-ae/3a1bc965a5cdf0bb4c28dc9c54c639983ee02cd5/input.cpu.inp,exact
shared-gapw-ae,3b10710e8a987afedce3c6c950da9c2c72c86101,-568.178343062111253,-0.02619101929965,-7.4185779869738525E+01,7.7999982012837464E+01,189,rosi,496299,2026-08-25T17:10:28+02:00,production-default,7:35:51,64933376,e8eabe580f595094d099ab5f94900e451a332e53295128ebfb899ba4ac20af57,benchmarks/dietGMTKN55/production-p25/accepted-inputs/shared-gapw-ae/3b10710e8a987afedce3c6c950da9c2c72c86101/input.cpu.inp,exact
shared-gapw-ae,3be8c690706b1617647bf4952e471f96a073f4fa,-464.421329180327973,-0.04720621910245,-6.9475191487677137E+01,8.4000072965262618E+01,84,rosi,496967,2026-08-26T04:19:54+02:00,production-default,5:07:20,80515080,495904877b39b569c49fdc25d11cfea7097e34117b5bca29cf7594013c98a896,benchmarks/dietGMTKN55/production-p25/accepted-inputs/shared-gapw-ae/3be8c690706b1617647bf4952e471f96a073f4fa/input.cpu.inp,exact
shared-gapw-ae,3bf7d5be8bf6f174f37f0dbc6fe0fd1166e69062,-272.644758138436202,-0.02532326922543,-4.1647042114175449E+01,5.2000002137066929E+01,71,rosi,496906,2026-08-26T01:16:45+02:00,production-default,2:48:26,71834444,f845d493866c9a8efc5097c347818c456fea70b14b376b77d1b795c1da544bfa,benchmarks/dietGMTKN55/production-p25/accepted-inputs/shared-gapw-ae/3bf7d5be8bf6f174f37f0dbc6fe0fd1166e69062/input.cpu.inp,exact
shared-gapw-ae,3c9e31450618a0b88af293e5a599bb65d0d20f7d,-920.458117436830776,-0.00190069726919,-5.6690614873246730E+01,3.5000000037691649E+01,190,rosi,494447,2026-08-25T02:52:57+02:00,production-default,4:27:22,56846840,6795af480d065ebfd9e5ddf04e0b010cd08d931a77d060cf907456e299b8203d,benchmarks/dietGMTKN55/production-p25/accepted-inputs/shared-gapw-ae/3c9e31450618a0b88af293e5a599bb65d0d20f7d/input.cpu.inp,exact
shared-gapw-ae,3d6e3da9d1b1231e17bd1a737be8a59f969645b4,-271.447898506924503,-0.02594343229661,-4.0919930898509456E+01,5.0000095690333353E+01,123,rosi,496814,2026-08-25T23:30:38+02:00,production-default,5:38:56,65660516,7f0bcc41ef765694a548d00b551c59d20dcff550bdce433ade0d58be40eb2bf3,benchmarks/dietGMTKN55/production-p25/accepted-inputs/shared-gapw-ae/3d6e3da9d1b1231e17bd1a737be8a59f969645b4/input.cpu.inp,exact
shared-gapw-ae,3ee334e6448326d495fdde65506f87dfcd646117,-79.815111253587531,-0.00543056645912,-1.3077049526121172E+01,1.7999988409731699E+01,34,rosi,494941,2026-08-25T11:40:49+02:00,production-default,50:29.56,57193752,a2d1eec56dfc02205a5627a7a3a5b4146a65b969314d9daf2d9ed91e0052bbc1,benchmarks/dietGMTKN55/production-p25/accepted-inputs/shared-gapw-ae/3ee334e6448326d495fdde65506f87dfcd646117/input.cpu.inp,exact
shared-gapw-ae,435dcfec2baff1096f952206ad475f6f9b4242b2,-460.811190340266990,-0.00056198880262,-2.8603736473249100E+01,1.7999993648578727E+01,79,rosi,494476,2026-08-25T04:01:17+02:00,production-default,46:53.82,43731504,6177a82bd2270e9257f292aea87e75d018651613e2389db80452d823c11255f7,benchmarks/dietGMTKN55/production-p25/accepted-inputs/shared-gapw-ae/435dcfec2baff1096f952206ad475f6f9b4242b2/input.cpu.inp,exact
shared-gapw-ae,43839e748527c6a543705cad162fb161bc46aa6e,-661.835629850255827,-0.02306406497771,-7.9987103084360740E+01,8.1999994315017346E+01,151,rosi,496939,2026-08-26T03:16:18+02:00,production-default,6:27:58,75267180,e11f97cc4f2fcd2949c7c12f435cc64213e2f1db1d84f5f91f3b9deee33104b0,benchmarks/dietGMTKN55/production-p25/accepted-inputs/shared-gapw-ae/43839e748527c6a543705cad162fb161bc46aa6e/input.cpu.inp,exact
shared-gapw-ae,43fb92b328a71580d851f682dc58e1ec45422a68,-538.080075318286276,-0.00620679577121,-4.0127809556798844E+01,3.1999992733143834E+01,93,rosi,494601,2026-08-25T09:28:18+02:00,production-default,2:16:55,58457356,5bf00607d00e9d98b7b4753f392611a91741af6584bfa5357a9a4dde74f03bc4,benchmarks/dietGMTKN55/production-p25/accepted-inputs/shared-gapw-ae/43fb92b328a71580d851f682dc58e1ec45422a68/input.cpu.inp,exact
shared-gapw-ae,45cd512ab8f52c8950ff049839ec228a7d888e86,-398.821039931244115,-0.00064700675199,-2.6275354014260138E+01,1.7999993714089065E+01,47,rosi,494461,2026-08-25T03:42:07+02:00,production-default,30:07.77,44108988,96ab862cc78478a27bcb2ff21af97d2d7564b4eda1490ae2e569fcf3536bb04a,benchmarks/dietGMTKN55/production-p25/accepted-inputs/shared-gapw-ae/45cd512ab8f52c8950ff049839ec228a7d888e86/input.cpu.inp,exact
shared-gapw-ae,47f8c0c5bc5c9ced9f13963745262bc0f3cdb452,-703.797697505812380,-0.05151156739096,-9.5410706405173030E+01,1.0800001616865360E+02,124,rosi,497022,2026-08-26T06:46:12+02:00,production-default,7:54:29,85652392,795abd22d45e57cf0c2a02ec2855e5711807df290763f561e87f00f2e88e9acd,benchmarks/dietGMTKN55/production-p25/accepted-inputs/shared-gapw-ae/47f8c0c5bc5c9ced9f13963745262bc0f3cdb452/input.cpu.inp,exact
shared-gapw-ae,492141ab853497951d3dc4be6df0ce562967fd92,-239.530868044401615,-0.00309973427180,-2.7621018120860839E+01,2.7999992662578180E+01,61,rosi,494594,2026-08-25T09:21:23+02:00,production-default,1:07:54,62247648,9145ed44c3a6e31001e8125557d040c87fa85940feba32020f6fa5b48195b0c1,benchmarks/dietGMTKN55/production-p25/accepted-inputs/shared-gapw-ae/492141ab853497951d3dc4be6df0ce562967fd92/input.cpu.inp,exact
shared-gapw-ae,49f698d22649a82d23b29898a213f9f4ba3f9dde,-651.157996238083797,-0.04255164663437,-8.5987379025432546E+01,9.6000014605452677E+01,137,rosi,497003,2026-08-26T04:48:08+02:00,production-default,7:47:27,77103752,4e2cb73faa4f14128f2a8e15a1499a9ef642ca923c633e16a5f29d43c58eda35,benchmarks/dietGMTKN55/production-p25/accepted-inputs/shared-gapw-ae/49f698d22649a82d23b29898a213f9f4ba3f9dde/input.cpu.inp,exact
shared-gapw-ae,4a43a457f546895ce6043348836bb8a0876363c9,-764.868574488428067,-0.06238390843555,-1.0742002362710147E+02,1.2399996313167311E+02,171,rosi,497036,2026-08-26T08:22:45+02:00,production-default,12:54:03,92646760,229599015d09ccd9b41180cff84a90701302fa223e0f8b276aaeafa1e49077bf,benchmarks/dietGMTKN55/production-p25/accepted-inputs/shared-gapw-ae/4a43a457f546895ce6043348836bb8a0876363c9/input.cpu.inp,exact
shared-gapw-ae,4fca1f48e246471fb5cac7d8c99ae54988fa3ae1,-1.984329224220795,,-5.8806439363302776E-01,1.0000000224022183E+00,13,rosi,494431,2026-08-25T02:34:20+02:00,production-default,9:37.25,50169684,1f4a29856a200a954d25216f8855635f2fc4beb25f1e52f45fa1bca658dee56b,benchmarks/dietGMTKN55/production-p25/accepted-inputs/shared-gapw-ae/4fca1f48e246471fb5cac7d8c99ae54988fa3ae1/input.cpu.inp,exact
shared-gapw-ae,512c204fbb415052dbcf3bca37cde209edb05c6c,-0.499652967793488,,-3.0984098092905710E-01,1.0000000006627106E+00,10,rosi,494424,2026-08-25T02:34:21+02:00,production-default,10:42.65,50170232,d5660625b7fdb6bb3cf171bdba158669e17442d128fe6452aff8e112d575cfe8,benchmarks/dietGMTKN55/production-p25/accepted-inputs/shared-gapw-ae/512c204fbb415052dbcf3bca37cde209edb05c6c/input.cpu.inp,exact
shared-gapw-ae,53d4e0f05e308d8d91f9b62f060bc046b35ee60a,-308.828771083472191,-0.01929928461869,-4.2551105628152882E+01,4.9999992696546002E+01,97,rosi,496845,2026-08-26T00:42:30+02:00,production-default,4:10:21,66015992,4bd28eb61bcdcdbbf68ada251b89ece0f61c3a3fa61f5f2888eaaa765c5e32ab,benchmarks/dietGMTKN55/production-p25/accepted-inputs/shared-gapw-ae/53d4e0f05e308d8d91f9b62f060bc046b35ee60a/input.cpu.inp,exact
shared-gapw-ae,54e53fe6dde3ae33d2a8a62722e1fd1850489a4c,-573.891394118119820,-0.05080053914366,-8.3263374921530030E+01,9.7999949074784169E+01,65,rosi,497004,2026-08-26T04:53:37+02:00,production-default,4:13:39,81149224,0312d0fe841cc3f747faef25f87c24331b9edfbbfaa80119c215346525607885,benchmarks/dietGMTKN55/production-p25/accepted-inputs/shared-gapw-ae/54e53fe6dde3ae33d2a8a62722e1fd1850489a4c/input.cpu.inp,exact
shared-gapw-ae,55414141691fb9b7388d315c6029762b640e5b7a,-75.034075333550319,,-8.4286522994469060E+00,7.9999997282724413E+00,96,rosi,494425,2026-08-25T02:34:22+02:00,production-default,1:31:25,50219932,d40a13e2f64b049e806c2b75964b3ff8ac03321b3515cf0846e62be2504c7ad7,benchmarks/dietGMTKN55/production-p25/accepted-inputs/shared-gapw-ae/55414141691fb9b7388d315c6029762b640e5b7a/input.cpu.inp,exact
shared-gapw-ae,5ac14f70d70f7e7225c2c6d23d98d088c11c55e9,-838.709731500108887,-0.07993143272588,-1.2013066486418191E+02,1.3799998093404480E+02,5,rosi,497111,2026-08-26T09:44:54+02:00,production-default,19:27:45,87280388,4475499b0d519bb5faaaaf037df8d3ccb148b90f390ac06735563326716335f9,benchmarks/dietGMTKN55/production-p25/accepted-inputs/shared-gapw-ae/5ac14f70d70f7e7225c2c6d23d98d088c11c55e9/input.cpu.inp,exact
shared-gapw-ae,5c4a1bf500867a61eed31dce1f709efb36cf3c7d,-454.404191728547346,-0.02615481597892,-6.0400273908532640E+01,6.5999995040462935E+01,64,rosi,496872,2026-08-26T00:46:29+02:00,production-default,2:29:40,71944808,cb7d882da07a982c8da05bef125a0f4f6f86f5fb78b97da026532dd6b93a7bc6,benchmarks/dietGMTKN55/production-p25/accepted-inputs/shared-gapw-ae/5c4a1bf500867a61eed31dce1f709efb36cf3c7d/input.cpu.inp,exact
shared-gapw-ae,5ee9c9c7f8aea92cbb1116a496f77c667cbd77eb,-26.598822345050475,-0.00140597234541,-5.1177083799734762E+00,7.9999933445736469E+00,14,rosi,494538,2026-08-25T07:18:53+02:00,production-default,15:59.75,49583028,0f81d507d47a7754a00ffe8a71b2e485ba0ba8a5136ccb227bc1b765320e6ba1,benchmarks/dietGMTKN55/production-p25/accepted-inputs/shared-gapw-ae/5ee9c9c7f8aea92cbb1116a496f77c667cbd77eb/input.cpu.inp,exact
shared-gapw-ae,5f100197da40fa72fb2324e8112c4ecfd6741f96,-271.520981033464466,-0.02423722480000,-4.0912866967114169E+01,4.9999969389108017E+01,61,rosi,496821,2026-08-25T23:55:54+02:00,production-default,2:58:34,69245572,82a03e68dc7b29fbc50f6c98dc14679bde4aff64d543436ed446aa2860f35159,benchmarks/dietGMTKN55/production-p25/accepted-inputs/shared-gapw-ae/5f100197da40fa72fb2324e8112c4ecfd6741f96/input.cpu.inp,exact
shared-gapw-ae,5f7357571186a3960d758f7969a9dfa60688788e,-1.173297430928191,-0.00014169992826,-6.9841514194535526E-01,2.0000000132409825E+00,10,rosi,494441,2026-08-25T02:41:52+02:00,production-default,4:35.77,40600176,36bf6ddf52374093ac98b3fb6700cdb0a371a95d27e6e2f1ea9ca59f124f580f,benchmarks/dietGMTKN55/production-p25/accepted-inputs/shared-gapw-ae/5f7357571186a3960d758f7969a9dfa60688788e/input.cpu.inp,exact
shared-gapw-ae,6007ed0531318684dce37c642e2f2aacbb6d349d,-290.594622280877331,-0.00163383153340,-2.1578028332496110E+01,1.5999983172832772E+01,95,rosi,494494,2026-08-25T05:06:56+02:00,production-default,1:20:35,49388340,bc38b774061e562b74909dfd0c93dec84bdec3bb0d82b29f925e688321c26190,benchmarks/dietGMTKN55/production-p25/accepted-inputs/shared-gapw-ae/6007ed0531318684dce37c642e2f2aacbb6d349d/input.cpu.inp,exact
shared-gapw-ae,60863b0cffca2154a830e6eff9c1d684603113dc,-78.572056551813446,-0.00394655193868,-1.2279305418509146E+01,1.5999990915988366E+01,36,rosi,494570,2026-08-25T08:39:29+02:00,production-default,48:38.03,50608400,b21f1d49a3765f5eee4ce14f3842f375558eacab6925c3f36388cc4484adafaa,benchmarks/dietGMTKN55/production-p25/accepted-inputs/shared-gapw-ae/60863b0cffca2154a830e6eff9c1d684603113dc/input.cpu.inp,exact
shared-gapw-ae,621284d5f3ce70544411e26ed9009691ff4edf41,-460.811425766094601,-0.00056203708285,-2.8610493302950708E+01,1.7999995137506879E+01,91,rosi,494477,2026-08-25T04:06:14+02:00,production-default,1:00:26,43690804,0a1795489d863dd6ed435fac2a7c05d2c6365bb3601d6dea4801040fa62ea0ad,benchmarks/dietGMTKN55/production-p25/accepted-inputs/shared-gapw-ae/621284d5f3ce70544411e26ed9009691ff4edf41/input.cpu.inp,exact
shared-gapw-ae,621af83d7b3d093b4a76dde928dec390f192db8a,-687.937873377820438,-0.01470955590097,-6.1568732686942475E+01,5.3999983665158389E+01,104,rosi,496067,2026-08-25T15:23:40+02:00,production-default,2:59:13,69135156,21bd92fe081f2dd15e1269b3967e96cfd616f128bfc6f5c76e9489f3b8741c6b,benchmarks/dietGMTKN55/production-p25/accepted-inputs/shared-gapw-ae/621af83d7b3d093b4a76dde928dec390f192db8a/input.cpu.inp,exact
shared-gapw-ae,63352184421ac4cc887e54e7d7186c2bd5684be3,-651.496473407604412,-0.04482127367997,-8.6186133125948601E+01,9.6000073864057100E+01,3,rosi,497012,2026-08-26T06:11:46+02:00,production-default,11:43:10,78095196,6366c00119637c667d22c205e2a11ac0c43372a217a35ef6cbb5a4e90d9b5155,benchmarks/dietGMTKN55/production-p25/accepted-inputs/shared-gapw-ae/63352184421ac4cc887e54e7d7186c2bd5684be3/input.cpu.inp,exact
shared-gapw-ae,63954fbc43c2714d4b2b24814f3a8574296f2100,-287.563209951021577,-0.02214677542760,-4.1956933678479039E+01,4.9999952487729999E+01,56,rosi,496811,2026-08-25T23:21:32+02:00,production-default,1:55:00,76149136,a0694f3a2ac0b58405c880337009b8cfb2e3905d4375637538ea6775ccf0a093,benchmarks/dietGMTKN55/production-p25/accepted-inputs/shared-gapw-ae/63954fbc43c2714d4b2b24814f3a8574296f2100/input.cpu.inp,exact
shared-gapw-ae,63e08227400676f3802f4e6ed0135f9c4d6edd18,-135.519943009692213,-0.01005561119254,-2.0453553054359553E+01,2.5999997831632278E+01,98,rosi,496263,2026-08-25T16:46:07+02:00,production-default,4:10:21,59668956,6268b7591928aaec113965cfa4360e688859e360742abba7c8c044273d4ba534,benchmarks/dietGMTKN55/production-p25/accepted-inputs/shared-gapw-ae/63e08227400676f3802f4e6ed0135f9c4d6edd18/input.cpu.inp,exact
shared-gapw-ae,651ecc9ccbeca0cef67c03d2225ceda039f08159,-95.850729355584889,-0.00435866750706,-1.4172993045359666E+01,1.7999988637997109E+01,31,rosi,494874,2026-08-25T10:48:32+02:00,production-default,37:53.33,56358340,262abece551e5689d35093d4079f66067556636f84cbc986a2f6e00786760830,benchmarks/dietGMTKN55/production-p25/accepted-inputs/shared-gapw-ae/651ecc9ccbeca0cef67c03d2225ceda039f08159/input.cpu.inp,exact
shared-gapw-ae,679fa1c9908420bac3aae7972cb26904f86c251d,-155.678461314336715,-0.00139584164516,-1.7999778732120934E+01,1.7999996977472271E+01,18,rosi,494543,2026-08-25T07:24:54+02:00,production-default,19:40.09,51468764,608be571490558fb7fe23359340bdd3e4be61c9721f20797b7455caf49b0a5f7,benchmarks/dietGMTKN55/production-p25/accepted-inputs/shared-gapw-ae/679fa1c9908420bac3aae7972cb26904f86c251d/input.cpu.inp,exact
shared-gapw-ae,69d762d2ca959b7c46daf3974c2f9eef7476ca6b,-150.267863324043475,-0.00045549509960,-1.6918163436275552E+01,1.5999998478036661E+01,55,rosi,494438,2026-08-25T02:39:52+02:00,production-default,1:01:41,56658888,63d14a2f305c2ffb3c89aaefdc9ef516a2254915986925526a6a5d230a4e5baa,benchmarks/dietGMTKN55/production-p25/accepted-inputs/shared-gapw-ae/69d762d2ca959b7c46daf3974c2f9eef7476ca6b/input.cpu.inp,exact
shared-gapw-ae,6a266336364d8cb1322be6194dc3a480c2191876,-651.491815960486065,-0.04488638640838,-8.6179413012918332E+01,9.5999915991292156E+01,114,rosi,497020,2026-08-26T06:32:48+02:00,production-default,6:14:43,77817372,e7e332ef2e5b3df2d5a5b8e3b9ad475ed922d3408f67b034a1cbdaa4e913f8e6,benchmarks/dietGMTKN55/production-p25/accepted-inputs/shared-gapw-ae/6a266336364d8cb1322be6194dc3a480c2191876/input.cpu.inp,exact
shared-gapw-ae,6ace469ff04ff0a629ea3f0b39eac6351affc280,-152.236545742690197,-0.00190875901811,-1.8435722394568373E+01,1.9999996826750923E+01,36,rosi,494552,2026-08-25T07:59:04+02:00,production-default,40:15.54,52239912,510e248d23aa588b2f3bce7c15d3e0416e6bdc3cf2e01ca77195b9825135af56,benchmarks/dietGMTKN55/production-p25/accepted-inputs/shared-gapw-ae/6ace469ff04ff0a629ea3f0b39eac6351affc280/input.cpu.inp,exact
shared-gapw-ae,6e91322ffb8f6b5866a1e8aff5982e4773bd0236,-7.278599873616694,,-1.6923485785074366E+00,2.0000000124245041E+00,145,rosi,494435,2026-08-25T02:34:20+02:00,production-default,1:03:12,38708356,21968c99cfb2449b5c3e5df5cf42f21dc40efa51a730a27c1ab1184076258b87,benchmarks/dietGMTKN55/production-p25/accepted-inputs/shared-gapw-ae/6e91322ffb8f6b5866a1e8aff5982e4773bd0236/input.cpu.inp,exact
shared-gapw-ae,6eb5837bd43096d172cfe0312c108734ef617766,-76.412556490262290,-0.00057403632943,-9.2837044117794463E+00,9.9999976514673392E+00,47,rosi,494482,2026-08-25T04:21:34+02:00,production-default,36:43.62,47734912,8e6e7d734c22dfcd4868179877ce3e53428e86e113962b9f5dca653c2dac57ac,benchmarks/dietGMTKN55/production-p25/accepted-inputs/shared-gapw-ae/6eb5837bd43096d172cfe0312c108734ef617766/input.cpu.inp,exact
shared-gapw-ae,708eebb526373add81392939cf0489b859b510ee,-79.815086068590972,-0.00542326006017,-1.3069353686536717E+01,1.7999987994732265E+01,14,rosi,494948,2026-08-25T11:45:24+02:00,production-default,24:20.22,57088060,6c602615a625136ba849b55a20586a7413333d4edb56e9191eedc8ba88ce8b8c,benchmarks/dietGMTKN55/production-p25/accepted-inputs/shared-gapw-ae/708eebb526373add81392939cf0489b859b510ee/input.cpu.inp,exact
shared-gapw-ae,708fa747c569e99cc639222823093a0efc951dba,-248.489647415610534,-0.01313055823850,-3.4324799714770045E+01,3.9999983460714702E+01,97,rosi,496586,2026-08-25T20:02:44+02:00,production-default,3:27:36,65605224,ef7276e44bb03ffc8ffdd111e336ceadaac44ed3402b8bf7d5401c40a736fdf8,benchmarks/dietGMTKN55/production-p25/accepted-inputs/shared-gapw-ae/708fa747c569e99cc639222823093a0efc951dba/input.cpu.inp,exact
shared-gapw-ae,748837810dd0b2eb7e91127ebb7055c1f91be0a9,-155.884745232607003,-0.01166466756359,-2.3809413465496782E+01,2.9999981163269116E+01,98,rosi,495825,2026-08-25T14:27:50+02:00,production-default,3:31:37,59932932,3167d682a31c017dfc1e6f6109804cc05c4b2bacc2a6226f7895cb2d81e68ae0,benchmarks/dietGMTKN55/production-p25/accepted-inputs/shared-gapw-ae/748837810dd0b2eb7e91127ebb7055c1f91be0a9/input.cpu.inp,exact
shared-gapw-ae,7670a98481c4e9c2cf2ba472db6d97169c1272fa,-225.351937603713708,-0.00124921794000,-2.5338288522777042E+01,2.3999998460686797E+01,122,rosi,494479,2026-08-25T04:12:41+02:00,production-default,1:40:14,46167384,e10910fcf41796946a96e11e412530c213eba9c127cb7d7eb21fdc615be6deba,benchmarks/dietGMTKN55/production-p25/accepted-inputs/shared-gapw-ae/7670a98481c4e9c2cf2ba472db6d97169c1272fa/input.cpu.inp,exact
shared-gapw-ae,768e0f05c8d058559c533f248d66f89ec38c5df4,-78.572063466887528,-0.00394689764879,-1.2279100589261462E+01,1.5999991077701541E+01,24,rosi,494572,2026-08-25T08:43:22+02:00,production-default,30:40.66,50559188,624a8ab25cf9d1b2bfc5b3afa37be93bc495646b55a3f29406ea200be31e0a74,benchmarks/dietGMTKN55/production-p25/accepted-inputs/shared-gapw-ae/768e0f05c8d058559c533f248d66f89ec38c5df4/input.cpu.inp,exact
shared-gapw-ae,7787b7b0fd755fad7281db9619befa7bf6e6e9ca,-838.753953359531579,-0.08272851451601,-1.2016180507025987E+02,1.3800005996537428E+02,106,rosi,497334,2026-08-26T11:54:25+02:00,production-default,9:35:48,87375336,31db031f1ade6761987780a78d70cad57ecb1dbb81c681fa6f37508e31da1d2c,benchmarks/dietGMTKN55/production-p25/accepted-inputs/shared-gapw-ae/7787b7b0fd755fad7281db9619befa7bf6e6e9ca/input.cpu.inp,exact
shared-gapw-ae,7850d278a8d368875bfea5134dcdafad62987a68,-414.759629345122391,-0.01966282261680,-5.4082439242486970E+01,5.7999994380863860E+01,49,rosi,496638,2026-08-25T20:27:02+02:00,production-default,1:30:02,62643324,ed43822b65a18d90f0881effa1cc952a27e2eed18a6e3625424c04828e0b6687,benchmarks/dietGMTKN55/production-p25/accepted-inputs/shared-gapw-ae/7850d278a8d368875bfea5134dcdafad62987a68/input.cpu.inp,exact
shared-gapw-ae,7863511123b310f3010d4eba2aa225486bc12a0f,-960.378282369932322,-0.00653847819222,-6.3250107201177940E+01,4.3999995367706880E+01,158,rosi,494602,2026-08-25T09:29:48+02:00,production-default,3:06:56,62604736,0aa5e186634a4739cc8564e701a216bd66eca254fe5e5e5f7f9c86fb6d3eb475,benchmarks/dietGMTKN55/production-p25/accepted-inputs/shared-gapw-ae/7863511123b310f3010d4eba2aa225486bc12a0f/input.cpu.inp,exact
shared-gapw-ae,7a1098f5a417342f38da5fe3311bd9439699a5a5,-78.183397238507538,-0.00392119510074,-1.1935087058144084E+01,1.4999990425929498E+01,78,rosi,494565,2026-08-25T08:34:58+02:00,production-default,2:34:11,67267508,fcb60d304f16ce6a5be32305b043374441ee3afab4cc4f27a5bf03e5af0b7493,benchmarks/dietGMTKN55/production-p25/accepted-inputs/shared-gapw-ae/7a1098f5a417342f38da5fe3311bd9439699a5a5/input.cpu.inp,exact
shared-gapw-ae,7e93dbfffe4ba246d187edf24f1cbbc3f674fc16,-308.831383208915327,-0.01905310544943,-4.2552704752328090E+01,4.9999939000449409E+01,35,rosi,496850,2026-08-26T00:43:34+02:00,production-default,1:17:56,65818004,37bead714d5b49ee5065c451f35c69d750f1460c275524fa35e119c863454253,benchmarks/dietGMTKN55/production-p25/accepted-inputs/shared-gapw-ae/7e93dbfffe4ba246d187edf24f1cbbc3f674fc16/input.cpu.inp,exact
shared-gapw-ae,7ef43e51468bbc7f8a04dbec6c4b4eb0bc8313e5,-77.317214579963789,-0.00226684853272,-1.1478516183324208E+01,1.3999993917942657E+01,36,rosi,494539,2026-08-25T07:19:53+02:00,production-default,34:49.57,46198404,bca533ee2604952dea95ea9c9a41ce5c7ba514ee45899204bd1d045d4b71fc9d,benchmarks/dietGMTKN55/production-p25/accepted-inputs/shared-gapw-ae/7ef43e51468bbc7f8a04dbec6c4b4eb0bc8313e5/input.cpu.inp,exact
shared-gapw-ae,80b1bafbbae87dfe8f6e058dce5c04d8858eb70e,-197.744750366298433,-0.01943609825941,-3.1609757188816175E+01,4.1999988763867208E+01,59,rosi,496912,2026-08-26T01:58:16+02:00,production-default,2:21:18,65724188,f95b551b9787c63076b027e5a560e1b9685d608f1b4ca4366704b848c3f33ed3,benchmarks/dietGMTKN55/production-p25/accepted-inputs/shared-gapw-ae/80b1bafbbae87dfe8f6e058dce5c04d8858eb70e/input.cpu.inp,exact
shared-gapw-ae,80eac91bb6f8713429b6adb4f0ee4c75ccbffbbb,-764.876099721067249,-0.06881089196645,-1.0743476275280631E+02,1.2399996393840114E+02,4,rosi,497039,2026-08-26T08:37:26+02:00,production-default,15:36:32,89701340,8f887e5dd18ff56459bc87288d5e3d562277e299c43be57f98a1c2d43541d153,benchmarks/dietGMTKN55/production-p25/accepted-inputs/shared-gapw-ae/80eac91bb6f8713429b6adb4f0ee4c75ccbffbbb/input.cpu.inp,exact
shared-gapw-ae,81cdbbe3b47e3d71a7abb3bc85580b18eca4a63f,-764.872031221344855,-0.06255981793715,-1.0742730717710788E+02,1.2400001144667563E+02,153,rosi,497066,2026-08-26T09:07:56+02:00,production-default,11:40:35,91983232,c9be4702623778994fbd28b4ac09d55a0116b5c19e352d624d14411eddeaa49b,benchmarks/dietGMTKN55/production-p25/accepted-inputs/shared-gapw-ae/81cdbbe3b47e3d71a7abb3bc85580b18eca4a63f/input.cpu.inp,exact
shared-gapw-ae,827c86c6054b11a34908826558815d4c97039dfc,-764.880266732562973,-0.06814731190383,-1.0743820403532477E+02,1.2399995670813385E+02,5,rosi,497067,2026-08-26T09:10:18+02:00,production-default,15:36:34,87823628,9e341aedb361682a66d53da32ffd147d032cc3b02e887298d5294889baea1047,benchmarks/dietGMTKN55/production-p25/accepted-inputs/shared-gapw-ae/827c86c6054b11a34908826558815d4c97039dfc/input.cpu.inp,exact
shared-gapw-ae,82ac7e589695617ece0a183bf49b244c8c4b4b95,-455.395650518682146,-0.00366623740197,-3.4274185903546027E+01,2.7999989730533386E+01,105,rosi,494585,2026-08-25T09:16:32+02:00,production-default,2:29:01,62035000,b89d9371115f17d3e417224429d5d3664e1b9f81e44022be31d659eb4e66aa00,benchmarks/dietGMTKN55/production-p25/accepted-inputs/shared-gapw-ae/82ac7e589695617ece0a183bf49b244c8c4b4b95/input.cpu.inp,exact
shared-gapw-ae,8371faef75851d86b583fdc537f7aebefac81bae,-197.744683434225692,-0.01945177632254,-3.1609982303390744E+01,4.1999985062077776E+01,52,rosi,496915,2026-08-26T02:01:42+02:00,production-default,2:01:40,65633036,5b907e2f963fb67949bea7cf310478411e29c4a9d8dd6bf57fb6b8f4aab1a121,benchmarks/dietGMTKN55/production-p25/accepted-inputs/shared-gapw-ae/8371faef75851d86b583fdc537f7aebefac81bae/input.cpu.inp,exact
shared-gapw-ae,83da159ee16fb489511bc50a76f6ea59b7e4fa48,-1917.231943548671097,-0.01985799666991,-1.2389946995958879E+02,7.9999994628360412E+01,8,rosi,494899,2026-08-25T11:09:40+02:00,production-default,3:55:19,54698068,d2039430689563fe31ebdc1bb803218e9b34a425f5b5e6096c0335b2ccf69c76,benchmarks/dietGMTKN55/production-p25/accepted-inputs/shared-gapw-ae/83da159ee16fb489511bc50a76f6ea59b7e4fa48/input.cpu.inp,exact
shared-gapw-ae,853d65c3d0bfdcf390e2024faaba158f079e3eec,-341.265920127539118,,-2.3392769722794569E+01,1.5999999622314716E+01,100,rosi,494428,2026-08-25T02:34:22+02:00,production-default,2:00:06,50304772,b3872cf5fdc128cccb3f0a6280489ff4d73f87a84d4e272f8b91d3ecba5fa089,benchmarks/dietGMTKN55/production-p25/accepted-inputs/shared-gapw-ae/853d65c3d0bfdcf390e2024faaba158f079e3eec/input.cpu.inp,exact
shared-gapw-ae,864476718a744dd6ef56df9357e06e39d9302d61,-703.790646519953384,-0.05149647421389,-9.5399787212743490E+01,1.0799986577869602E+02,161,rosi,497023,2026-08-26T06:48:37+02:00,production-default,10:20:49,85523428,4d8b9cc586b34b0654a396c0462b134ea3e1b8b32e3e8ee8d44d5ba81a96e3fc,benchmarks/dietGMTKN55/production-p25/accepted-inputs/shared-gapw-ae/864476718a744dd6ef56df9357e06e39d9302d61/input.cpu.inp,exact
shared-gapw-ae,88277c6d3a8b3e4424011d06c3a39b788db77778,-56.557699066204897,-0.00121966168537,-7.9979621229932478E+00,9.9999960056809716E+00,14,rosi,494529,2026-08-25T06:44:14+02:00,production-default,14:49.87,51285796,bdc58e0c9a9011ccefdd17a19014ca3e247a2a60f3b3b775ec10bc54d1e48ecb,benchmarks/dietGMTKN55/production-p25/accepted-inputs/shared-gapw-ae/88277c6d3a8b3e4424011d06c3a39b788db77778/input.cpu.inp,exact
shared-gapw-ae,90b1b6b6778f2fb658f77ece4e016bb2853bd50b,-193.992593271931298,-0.01318867825876,-2.9280766947502709E+01,3.5999979811343096E+01,41,rosi,496127,2026-08-25T15:43:11+02:00,production-default,1:20:37,68950052,e8d4e6a8d9d2acc74287d9b4842ea4d38d66e13b4991221a470a1b9d2c5fcad2,benchmarks/dietGMTKN55/production-p25/accepted-inputs/shared-gapw-ae/90b1b6b6778f2fb658f77ece4e016bb2853bd50b/input.cpu.inp,exact
shared-gapw-ae,92eb753bd8b0ae7b2aa8c3ded064bb77f8762748,-78.571949402415186,-0.00394414460809,-1.2274477367547668E+01,1.5999991478081975E+01,29,rosi,494575,2026-08-25T08:58:42+02:00,production-default,30:57.65,50294796,01964f89d86e0346e457ed76de800130ed83b39dedd782d29e68c493e6cd6c4d,benchmarks/dietGMTKN55/production-p25/accepted-inputs/shared-gapw-ae/92eb753bd8b0ae7b2aa8c3ded064bb77f8762748/input.cpu.inp,exact
shared-gapw-ae,9465bd345ac96f1e593de38e9c171056e6e8c267,-56.557303573699691,-0.00121999213511,-7.9911664513942213E+00,9.9999958897768693E+00,17,rosi,494530,2026-08-25T06:45:45+02:00,production-default,15:56.30,51611400,88e8b3b4f26b2eadd94c8a4faa76b784b6ebb2fbb812ec4bcb0a80a4b55ed2a9,benchmarks/dietGMTKN55/production-p25/accepted-inputs/shared-gapw-ae/9465bd345ac96f1e593de38e9c171056e6e8c267/input.cpu.inp,exact
shared-gapw-ae,99a93a184770b8804dcff3b77948b4b18126fc3d,-156.391584084562083,-0.00202380852232,-1.8664607311342071E+01,1.9999994012833973E+01,42,rosi,494556,2026-08-25T08:18:03+02:00,production-default,37:46.19,52628136,532b87a32f0c45b37bc8c48e93ea4981c9b7b705ddf2914faffecd4be156f13f,benchmarks/dietGMTKN55/production-p25/accepted-inputs/shared-gapw-ae/99a93a184770b8804dcff3b77948b4b18126fc3d/input.cpu.inp,exact
shared-gapw-ae,9dbbfd27dc4ab711c12f10245dde1b0933fee9a2,-1.173295088419983,-0.00014172956129,-6.9829736415756050E-01,2.0000000133670524E+00,10,rosi,494443,2026-08-25T02:45:25+02:00,production-default,6:52.27,40582092,47e73ce8180c3048a232605a3755022fc57d0fad64523d197185b54ce955a801,benchmarks/dietGMTKN55/production-p25/accepted-inputs/shared-gapw-ae/9dbbfd27dc4ab711c12f10245dde1b0933fee9a2/input.cpu.inp,exact
shared-gapw-ae,9f3fa0a6ed69ca855c6959a590d4311444d9ec29,-275.065142304821961,-0.02616157893898,-4.3091874096475451E+01,5.5999965229542234E+01,39,rosi,496962,2026-08-26T04:05:25+02:00,production-default,1:48:18,72694420,a419ff417ec41d42b7ee991edcf4b7d0e0386319881f21cbb4c7e7a476a48d87,benchmarks/dietGMTKN55/production-p25/accepted-inputs/shared-gapw-ae/9f3fa0a6ed69ca855c6959a590d4311444d9ec29/input.cpu.inp,exact
shared-gapw-ae,a4311fb749e9e7e31b39d12c2a45961170a253a1,-99.803797388123670,,-1.0668056784701763E+01,9.9999998894519369E+00,9,rosi,494432,2026-08-25T02:34:20+02:00,production-default,5:10.34,38677728,e3aa00141cf95cde6039d96af8fd852cd845c8045785926165984fa1c4efd7c1,benchmarks/dietGMTKN55/production-p25/accepted-inputs/shared-gapw-ae/a4311fb749e9e7e31b39d12c2a45961170a253a1/input.cpu.inp,exact
shared-gapw-ae,a725d64cf70c0fb4dbe91adbfeca7f971b363345,-802.891513209080358,-0.07397059466984,-1.1409279027550113E+02,1.2999994012881007E+02,6,rosi,497024,2026-08-26T06:50:07+02:00,production-default,17:16:37,87647164,18360334983eda94533a0a64e9f82de40b509bbe38fe553f3e430ca69bd71955,benchmarks/dietGMTKN55/production-p25/accepted-inputs/shared-gapw-ae/a725d64cf70c0fb4dbe91adbfeca7f971b363345/input.cpu.inp,exact
shared-gapw-ae,a7e2821cf5f9684bea0ab9801df6b1e25c584bfb,-244.178567410305192,-0.00198182399028,-1.9721637966452107E+01,1.5999979902253859E+01,89,rosi,494540,2026-08-25T07:20:34+02:00,production-default,1:22:38,50108188,68e20e0d28cf480d31afc69e55d4f4d4d25322e22719c39cdd3e08906e6aba5d,benchmarks/dietGMTKN55/production-p25/accepted-inputs/shared-gapw-ae/a7e2821cf5f9684bea0ab9801df6b1e25c584bfb/input.cpu.inp,exact
shared-gapw-ae,a88409979399d883da78a40a52125baa726310e0,-291.865979031558822,-0.00316689796955,-2.2363437011605630E+01,1.7999981509053075E+01,57,rosi,494554,2026-08-25T08:05:34+02:00,production-default,1:10:50,55913704,09639d4b300c6122b6ec72ad10eeed88ccd87263c7e6ea0ac362f29b06f331b3,benchmarks/dietGMTKN55/production-p25/accepted-inputs/shared-gapw-ae/a88409979399d883da78a40a52125baa726310e0/input.cpu.inp,exact
shared-gapw-ae,a94eecb68741e476bc3be36838d7f06772b204b8,-308.838287997574525,-0.01983619746264,-4.2559418013274318E+01,5.0000012385741911E+01,53,rosi,496869,2026-08-26T00:46:35+02:00,production-default,2:24:03,65786540,cb85c2d558b3161d42a9608254c2cf0338eb41d0629f47d6b8d166f52b2e219e,benchmarks/dietGMTKN55/production-p25/accepted-inputs/shared-gapw-ae/a94eecb68741e476bc3be36838d7f06772b204b8/input.cpu.inp,exact
shared-gapw-ae,aad2f181530bb027fc2a83fcabd9a608efe0bce4,-1113.378311025343464,-0.03430916609875,-9.9794387577849264E+01,8.5999964059335269E+01,4,rosi,496876,2026-08-26T00:49:26+02:00,production-default,8:24:17,79713476,69214f245fd7e779db9d5e5d952a2b571bd2c7f850a0ab6b13d5b42df1d38e42,benchmarks/dietGMTKN55/production-p25/accepted-inputs/shared-gapw-ae/aad2f181530bb027fc2a83fcabd9a608efe0bce4/input.cpu.inp,exact
shared-gapw-ae,ab9293770bb2f72584e212ffa648b9567da69388,-498.932158546985363,-0.00701295563581,-4.2441896172042064E+01,3.5999981833625419E+01,83,rosi,495102,2026-08-25T12:36:53+02:00,production-default,1:54:09,62763216,efcf7f5f2b581b3f4fd51bd78833242891e4a4c0c5df6c8c5e39cb5245b73f9d,benchmarks/dietGMTKN55/production-p25/accepted-inputs/shared-gapw-ae/ab9293770bb2f72584e212ffa648b9567da69388/input.cpu.inp,exact
shared-gapw-ae,b0baaec3defcc34c32e00aa368ef7d6f425898de,-460.264343500969744,,-2.8498237158024775E+01,1.7999999808008052E+01,9,rosi,494436,2026-08-25T02:34:21+02:00,production-default,5:04.96,38711376,929a480e30fd042a0f393de1db558fed7331d09476bb106fc10b1606ab3e4861,benchmarks/dietGMTKN55/production-p25/accepted-inputs/shared-gapw-ae/b0baaec3defcc34c32e00aa368ef7d6f425898de/input.cpu.inp,exact
shared-gapw-ae,b2ce4f64b872966df0477799d122be7eb65d495d,-288.668172284999969,-0.02736560645513,-4.2710623232533500E+01,5.1999911070446473E+01,166,rosi,496870,2026-08-26T00:46:29+02:00,production-default,6:03:31,65757864,f44b194db2dca28970dd259086bc24699cb2f37c9ce285d47631a2aef608f54c,benchmarks/dietGMTKN55/production-p25/accepted-inputs/shared-gapw-ae/b2ce4f64b872966df0477799d122be7eb65d495d/input.cpu.inp,exact
shared-gapw-ae,b2e8baefa411a57e279734f1d9bf4e849d682871,-597.761674844872687,-0.00181314296356,-4.6523556806243548E+01,3.3999993683953498E+01,110,rosi,494484,2026-08-25T04:27:46+02:00,production-default,1:28:17,49777568,4ba81c89bf4b5b5f839e734f9a9c717d1dfa54190abc78162762731dd2dc1704,benchmarks/dietGMTKN55/production-p25/accepted-inputs/shared-gapw-ae/b2e8baefa411a57e279734f1d9bf4e849d682871/input.cpu.inp,exact
shared-gapw-ae,b3855c64e9f61158f5e449e2df7b79bf1fa599d7,-2.900609992877035,,-1.0580729595371081E+00,2.0000000360521049E+00,10,rosi,494433,2026-08-25T02:34:23+02:00,production-default,6:30.37,38602800,58a74d379994822a4e2a73493fc25de26c99f8ad501332bfadbe4af9a2b47ced,benchmarks/dietGMTKN55/production-p25/accepted-inputs/shared-gapw-ae/b3855c64e9f61158f5e449e2df7b79bf1fa599d7/input.cpu.inp,exact
shared-gapw-ae,b9fd326ed53567233bdbfdddd9e222bbe4a5ddd9,-239.509198443876187,-0.00318125541902,-2.7582702456897195E+01,2.7999993783938795E+01,41,rosi,494598,2026-08-25T09:22:51+02:00,production-default,46:38.33,58708420,a333130a7962affab3fe0615815c8476a838fcb6827f2ab4ccebef268cf333b5,benchmarks/dietGMTKN55/production-p25/accepted-inputs/shared-gapw-ae/b9fd326ed53567233bdbfdddd9e222bbe4a5ddd9/input.cpu.inp,exact
shared-gapw-ae,ba35f2d4baf684590e805dc4bca56bfe3a88629d,-829.550028653045160,-0.04461307304118,-1.0820952016837992E+02,1.1599999599620037E+02,5,rosi,496974,2026-08-26T04:26:56+02:00,production-default,11:54:04,80402872,69f4d8c1fd7aaca852a05c4b1f6ca37d434be069245043f3f530e50162f867a1,benchmarks/dietGMTKN55/production-p25/accepted-inputs/shared-gapw-ae/ba35f2d4baf684590e805dc4bca56bfe3a88629d/input.cpu.inp,exact
shared-gapw-ae,c057e61d2d234c2afc4d54f39aa6a56272f50994,-76.412681582494145,-0.00057405582556,-9.2874843512629077E+00,9.9999971327919095E+00,25,rosi,494485,2026-08-25T04:32:20+02:00,production-default,21:47.55,45908920,90606f182bb5aa80b2f4ccb80f9e0afbdb618fc1db225d72b3e7114e6193d9c9,benchmarks/dietGMTKN55/production-p25/accepted-inputs/shared-gapw-ae/c057e61d2d234c2afc4d54f39aa6a56272f50994/input.cpu.inp,exact
shared-gapw-ae,c0a42a876d5926f916d912ab1353939a72adb1b3,-454.411669873692517,-0.02623733333056,-6.0401400383639078E+01,6.5999984748647194E+01,57,rosi,496874,2026-08-26T00:49:26+02:00,production-default,2:05:10,69268956,7cb15fe291f04519bf8da3bc72b28f1b9f9167556d66d2722e2bd88e13fca4c8,benchmarks/dietGMTKN55/production-p25/accepted-inputs/shared-gapw-ae/c0a42a876d5926f916d912ab1353939a72adb1b3/input.cpu.inp,exact
shared-gapw-ae,c31a98614228b6fa1ca598d538f53f15edc1e7f2,-90.080226015277745,-0.00574748708166,-1.4889313632438052E+01,1.9999986919069880E+01,30,rosi,494876,2026-08-25T10:56:21+02:00,production-default,44:18.67,52695844,e28cec4a3b65b4fcd8206c2b4e14dccc062751d29fbf33f29d82f1bdb996749e,benchmarks/dietGMTKN55/production-p25/accepted-inputs/shared-gapw-ae/c31a98614228b6fa1ca598d538f53f15edc1e7f2/input.cpu.inp,exact
shared-gapw-ae,c3633f9e65350d139c6c3ad89da11a0c8c14e12d,-76.412662996173196,-0.00057402959801,-9.2880208483235656E+00,9.9999964933181822E+00,23,rosi,494486,2026-08-25T04:34:56+02:00,production-default,19:03.12,45970260,09e79003188098a2498ff4e685cdad6ac4ef729d00a586832cb5f0eac29b7c1b,benchmarks/dietGMTKN55/production-p25/accepted-inputs/shared-gapw-ae/c3633f9e65350d139c6c3ad89da11a0c8c14e12d/input.cpu.inp,exact
shared-gapw-ae,c3b0d87b540d1a68d95ba7de6d40b7e6ec6f6229,-381.185098815589981,-0.02492073000278,-5.3209477419110861E+01,6.1999969214891557E+01,66,rosi,496935,2026-08-26T03:10:47+02:00,production-default,3:21:32,72680780,6d6953a6df847802dbc0c817a5a421c95e1fb5682e27fb6e5d2dcde236a6a425,benchmarks/dietGMTKN55/production-p25/accepted-inputs/shared-gapw-ae/c3b0d87b540d1a68d95ba7de6d40b7e6ec6f6229/input.cpu.inp,exact
shared-gapw-ae,c438ecfbf67f51eca696e2fa7ba69dbeb4bb9477,-764.872714185770178,-0.06757477213232,-1.0742340714792510E+02,1.2400001862686366E+02,106,rosi,497069,2026-08-26T09:14:20+02:00,production-default,7:49:52,86543412,4f0065e9b42f7e81d30a4195b1e1512fb0b0dad6498ce1843922ed2531a1a0ec,benchmarks/dietGMTKN55/production-p25/accepted-inputs/shared-gapw-ae/c438ecfbf67f51eca696e2fa7ba69dbeb4bb9477/input.cpu.inp,exact
shared-gapw-ae,c493f487fdbf38e9ef81bcdb348b7de9fc717cd6,-232.207903759126992,-0.01894287048724,-3.4736399768342203E+01,4.2000004855396753E+01,70,rosi,496360,2026-08-25T17:36:10+02:00,production-default,2:26:24,64794868,25d4c38a5e912ee0ab2656f24c9ab2d7b5592a3f6aafb53214ceb57001564815,benchmarks/dietGMTKN55/production-p25/accepted-inputs/shared-gapw-ae/c493f487fdbf38e9ef81bcdb348b7de9fc717cd6/input.cpu.inp,exact
shared-gapw-ae,c58f96ca83bd02459953a19999635c6eda23fbc4,-726.814203244305759,-0.06345696769707,-1.0198814805931478E+02,1.1799987791904522E+02,4,rosi,497032,2026-08-26T07:15:10+02:00,production-default,15:37:19,92032184,0288f75c22db95a6d8a34f5bc3fd02f74550ea27c1c9b5a0d2f1a9fe2592fd13,benchmarks/dietGMTKN55/production-p25/accepted-inputs/shared-gapw-ae/c58f96ca83bd02459953a19999635c6eda23fbc4/input.cpu.inp,exact
shared-gapw-ae,c5e3267205bc0da9842625ac1a35c2d4873a0b89,-119.124761998827424,-0.00993909636210,-1.9231243552346186E+01,2.5999991475070971E+01,32,rosi,496165,2026-08-25T16:03:40+02:00,production-default,1:06:37,63154868,a2332a50c62f29bd59cb057ef6d2fab50da4bb392619ca9120d66a21368c9759,benchmarks/dietGMTKN55/production-p25/accepted-inputs/shared-gapw-ae/c5e3267205bc0da9842625ac1a35c2d4873a0b89/input.cpu.inp,exact
shared-gapw-ae,c730d6eb2a60aab6406b851c4ff91e472792a473,-594.646011581380094,-0.00907354371861,-4.8122466017803518E+01,4.1999987948483380E+01,4,rosi,496056,2026-08-25T15:17:57+02:00,production-default,5:52:29,65503020,ec0336a02dbb4b88d30c184730b143ad5f6c0b0d94114488a04cfa6febcbac2d,benchmarks/dietGMTKN55/production-p25/accepted-inputs/shared-gapw-ae/c730d6eb2a60aab6406b851c4ff91e472792a473/input.cpu.inp,exact
shared-gapw-ae,c8e5edfab7fc8e93fc4a4e661566e048772c8f34,-83.745637189542052,-0.00188402859253,-1.1000209543715094E+01,1.1999997538991680E+01,30,rosi,494546,2026-08-25T07:35:27+02:00,production-default,29:50.82,51960344,6a1bde318c969f92171dc8ce1baf3d2ac43fea6d03299eeea955a4fdfb57b92c,benchmarks/dietGMTKN55/production-p25/accepted-inputs/shared-gapw-ae/c8e5edfab7fc8e93fc4a4e661566e048772c8f34/input.cpu.inp,exact
shared-gapw-ae,cae8d4ef1c25ad4a871ee9af8721d855c34731ea,-76.681715010406265,-0.00106333136795,-9.3745875106908461E+00,9.9999969501042845E+00,36,rosi,494534,2026-08-25T06:59:18+02:00,production-default,33:45.73,51355032,9d341f7d9b8e21effcaed445bab602df609c8d9002bd626c5f19e5bf8781f631,benchmarks/dietGMTKN55/production-p25/accepted-inputs/shared-gapw-ae/cae8d4ef1c25ad4a871ee9af8721d855c34731ea/input.cpu.inp,exact
shared-gapw-ae,cb06d2a1d55acb75f8b039f41acbb3165684a9ef,-751.410701569804587,-0.00415005875613,-5.0190688927994422E+01,3.3999976998362484E+01,134,rosi,494560,2026-08-25T08:28:58+02:00,production-default,2:27:14,55572612,293355002eab2a3b77c8bcf629f0f4fcc86cd367056331b945327b358d072b57,benchmarks/dietGMTKN55/production-p25/accepted-inputs/shared-gapw-ae/cb06d2a1d55acb75f8b039f41acbb3165684a9ef/input.cpu.inp,exact
shared-gapw-ae,cc4b4538871e146b47063a895d5bf8a81671d96a,-454.416542366829049,-0.02648525074460,-6.0404996611441192E+01,6.5999974991008187E+01,76,rosi,496875,2026-08-26T00:49:26+02:00,production-default,2:46:57,69531732,18667e50a97b554ad0d582ac958e9ec1bb89687c410f201afd37cd1f8e8925d3,benchmarks/dietGMTKN55/production-p25/accepted-inputs/shared-gapw-ae/cc4b4538871e146b47063a895d5bf8a81671d96a/input.cpu.inp,exact
shared-gapw-ae,ce7058c6744fbdf1d732dd3a0b1a9dc6c1923467,-4.967408574725492,-0.00008161367348,-1.5767680074887260E+00,3.0000000198270094E+00,33,rosi,494446,2026-08-25T02:52:34+02:00,production-default,38:15.86,56611820,bf21f0055e9869c87439c70e58a788f4900a272ba5e37c60535b8d3f9348d2b9,benchmarks/dietGMTKN55/production-p25/accepted-inputs/shared-gapw-ae/ce7058c6744fbdf1d732dd3a0b1a9dc6c1923467/input.cpu.inp,exact
shared-gapw-ae,ceffc1e8797c2402e47ddd77b50dfe87a777d9d6,-199.431972546167430,-0.00027590923397,-2.0678377345282620E+01,1.7999998300477504E+01,34,rosi,494445,2026-08-25T02:48:55+02:00,production-default,27:16.72,43698704,892d876d3c88273cd3dc2200c8ae9bb143c730fb812f42d176c8a80f903bbef7,benchmarks/dietGMTKN55/production-p25/accepted-inputs/shared-gapw-ae/ceffc1e8797c2402e47ddd77b50dfe87a777d9d6/input.cpu.inp,exact
shared-gapw-ae,d015b129baf65e034a905de13fd6ef5fe50174ee,-797.599534206864519,-0.00497808032320,-5.2128058573012567E+01,3.3999988689771705E+01,166,rosi,494535,2026-08-25T07:02:19+02:00,production-default,2:30:15,51959572,779d0dbd2ff5d5eeb09e94aaa58a3fbc95750f1c986a34a57c559a2a8b234d3e,benchmarks/dietGMTKN55/production-p25/accepted-inputs/shared-gapw-ae/d015b129baf65e034a905de13fd6ef5fe50174ee/input.cpu.inp,exact
shared-gapw-ae,d078cfcbf6d52ba080868acb0560296bb7c4542a,-128.930697191308610,,-1.2483892756268260E+01,9.9999999401481592E+00,8,rosi,494437,2026-08-25T02:37:51+02:00,production-default,3:39.53,38662032,9ae11c578b1021248546c8a80966286a62ad651aa9b6b8810b13e53847ef92e6,benchmarks/dietGMTKN55/production-p25/accepted-inputs/shared-gapw-ae/d078cfcbf6d52ba080868acb0560296bb7c4542a/input.cpu.inp,exact
shared-gapw-ae,d3bdfae074e1abf643535351c79e74139e0a4cd4,-76.412320686764289,-0.00057409158537,-9.2772141263662888E+00,9.9999978723005594E+00,13,rosi,494487,2026-08-25T04:44:40+02:00,production-default,12:34.98,45803152,2d55c21b90e9b9229d322a0cef09874f946886eb09b0a8bb2beedfe9874a4ea1,benchmarks/dietGMTKN55/production-p25/accepted-inputs/shared-gapw-ae/d3bdfae074e1abf643535351c79e74139e0a4cd4/input.cpu.inp,exact
shared-gapw-ae,d6fdac5bc900901308ee0a72d54e7a8237f338fd,-526.124539369908462,-0.00739590288368,-5.9500324261336445E+01,5.5999988260292199E+01,92,rosi,494897,2026-08-25T11:09:19+02:00,production-default,2:16:10,56485316,d5612a91fcad5626d245e6f057727673d03ada0a841b23c8054ff64416c4d757,benchmarks/dietGMTKN55/production-p25/accepted-inputs/shared-gapw-ae/d6fdac5bc900901308ee0a72d54e7a8237f338fd/input.cpu.inp,exact
shared-gapw-ae,d929f727c595ea3611ab4140cbf80925b988a636,-225.353936385640992,-0.00125187329854,-2.5397094598921480E+01,2.3999998408074326E+01,102,rosi,494480,2026-08-25T04:13:15+02:00,production-default,1:24:12,46192420,8316bfde47a5bd181bd7bfe8797124a77084e76b98e3568551cf4ce55605fe9a,benchmarks/dietGMTKN55/production-p25/accepted-inputs/shared-gapw-ae/d929f727c595ea3611ab4140cbf80925b988a636/input.cpu.inp,exact
shared-gapw-ae,dd8d12bdf89611c451fb29645567ae45832f8e03,-1211.909674159772976,-0.02643381801947,-1.0833373241643582E+02,8.9999983730235030E+01,199,rosi,496733,2026-08-25T21:57:17+02:00,production-default,5:53:00,65801104,c8e90fb33ce98f82a91313e04b16a143a576f61826063fcdf909cf04a0dea35d,benchmarks/dietGMTKN55/production-p25/accepted-inputs/shared-gapw-ae/dd8d12bdf89611c451fb29645567ae45832f8e03/input.cpu.inp,exact
shared-gapw-ae,e0c78392db4d94437b1488f94cda865b2abc2771,-193.984626839396185,-0.01329850774511,-2.9275897640913865E+01,3.5999986444660507E+01,33,rosi,496215,2026-08-25T16:30:06+02:00,production-default,1:05:55,65434416,8b84f91c48501baef2c0367c7071bd644a12abf5639c163fcf9f81b1e8eb4a2e,benchmarks/dietGMTKN55/production-p25/accepted-inputs/shared-gapw-ae/e0c78392db4d94437b1488f94cda865b2abc2771/input.cpu.inp,exact
shared-gapw-ae,e36a8c19b3b46e20ed0aa0ce55ea232d3effff75,-1211.903309075597008,-0.02610850378613,-1.0832837606465682E+02,8.9999960762076185E+01,5,rosi,496735,2026-08-25T22:00:08+02:00,production-default,5:43:35,67790396,7a8d4fec6d644dd4b8bfab4bdb057f29c994f4ba129c0a9451dd8474a74b20e5,benchmarks/dietGMTKN55/production-p25/accepted-inputs/shared-gapw-ae/e36a8c19b3b46e20ed0aa0ce55ea232d3effff75/input.cpu.inp,exact
shared-gapw-ae,e416a91deea914db4d2bae981d58e93623122a8f,-669.073098431622270,-0.05462712434435,-9.3784182744887076E+01,1.0999995027885819E+02,144,rosi,497091,2026-08-26T09:27:51+02:00,production-default,10:39:51,89801800,1a6dee585e1d36370ad79b682d00f1ed788aa8b712b26fe593c4a9819adc9603,benchmarks/dietGMTKN55/production-p25/accepted-inputs/shared-gapw-ae/e416a91deea914db4d2bae981d58e93623122a8f/input.cpu.inp,exact
shared-gapw-ae,e4c70d8e604f01bf855b7f9591344fa541d89bf5,-290.594706432962710,-0.00163435277288,-2.1576789561203725E+01,1.5999983122476827E+01,94,rosi,494495,2026-08-25T05:08:26+02:00,production-default,1:17:18,49411132,7330aaceb0be1bf9cc7eb125b17a7f6ea188e9071b31da19ba6f87a231679e67,benchmarks/dietGMTKN55/production-p25/accepted-inputs/shared-gapw-ae/e4c70d8e604f01bf855b7f9591344fa541d89bf5/input.cpu.inp,exact
shared-gapw-ae,e53514c3c97e5bf64b5f846a7ec6f04560d3679a,-288.767368491951856,-0.02296865020730,-4.2760960927787984E+01,5.1999985905562170E+01,60,rosi,496871,2026-08-26T00:46:29+02:00,production-default,2:10:42,71604772,0433a11196e1a2971aef8bb844246cb640b0f42d2b0bd14faa4767226e50d4c0,benchmarks/dietGMTKN55/production-p25/accepted-inputs/shared-gapw-ae/e53514c3c97e5bf64b5f846a7ec6f04560d3679a/input.cpu.inp,exact
shared-gapw-ae,e669e0db73bcc3cec7d15c6d1d3b6310cff0ec42,-610.415714267933367,-0.00208490062771,-4.5116834124987463E+01,3.2999998749228268E+01,97,rosi,494492,2026-08-25T04:57:35+02:00,production-default,9:30:04,64321372,0bc98e7318d0570c1c72756b71cfd3b51591d5db318849efa02c8471d648332b,benchmarks/dietGMTKN55/production-p25/accepted-inputs/shared-gapw-ae/e669e0db73bcc3cec7d15c6d1d3b6310cff0ec42/input.cpu.inp,exact
shared-gapw-ae,e7277ed95ca4511a3ef3b3348714d11f4dcfb03a,-304.747954234089832,-0.02134996192023,-4.3915150577485342E+01,5.1999980699274360E+01,47,rosi,496840,2026-08-26T00:39:27+02:00,production-default,1:39:26,65665712,4f5652c8178e3faeec6d693a6160eed37a72b5d3e31e1817ae38569d404ae288,benchmarks/dietGMTKN55/production-p25/accepted-inputs/shared-gapw-ae/e7277ed95ca4511a3ef3b3348714d11f4dcfb03a/input.cpu.inp,exact
shared-gapw-ae,e753387582bf99afef9d4607a8535cc161ae85bf,-257.861607776224105,-0.00013800663313,-2.4967493957692575E+01,1.9999999754731736E+01,8,rosi,494452,2026-08-25T03:31:06+02:00,production-default,6:44.93,45372000,69d567ebdec407b60376715d227f40dbb80c95a648f77535979c04e16df7cc43,benchmarks/dietGMTKN55/production-p25/accepted-inputs/shared-gapw-ae/e753387582bf99afef9d4607a8535cc161ae85bf/input.cpu.inp,exact
shared-gapw-ae,e7f3bc30d95e5585b7c90668756b9828509b2079,-78.571948218067092,-0.00394412527750,-1.2274429880756429E+01,1.5999991484951115E+01,31,rosi,494579,2026-08-25T09:02:47+02:00,production-default,35:29.77,50573716,8f496893c23859d8a89a44641b595a2f7d0490cbf895e378ca72f218832e8396,benchmarks/dietGMTKN55/production-p25/accepted-inputs/shared-gapw-ae/e7f3bc30d95e5585b7c90668756b9828509b2079/input.cpu.inp,exact
shared-gapw-ae,eab10abc0d1f2d392ceb7e382c2bfed902810c08,-79.815013692276906,-0.00541891049438,-1.3062597230534685E+01,1.7999987682068799E+01,22,rosi,494951,2026-08-25T11:47:10+02:00,production-default,29:41.43,57275440,328a111983fddddd7b8e4aff466763a8c39456ef59a4222e1c153f1b1ff9f90b,benchmarks/dietGMTKN55/production-p25/accepted-inputs/shared-gapw-ae/eab10abc0d1f2d392ceb7e382c2bfed902810c08/input.cpu.inp,exact
shared-gapw-ae,f03c2e7e45375b6c6b716494a7d62ea791ed0c12,-461.282610713402107,-0.00120409628614,-2.8918930042300985E+01,1.8999996983197981E+01,8,rosi,494493,2026-08-25T04:58:34+02:00,production-default,4:40:07,57364468,15f54a275945ac69b7613de25b7bb06c46fee2a7ddcbfcaf31ccbc341129799a,benchmarks/dietGMTKN55/production-p25/accepted-inputs/shared-gapw-ae/f03c2e7e45375b6c6b716494a7d62ea791ed0c12/input.cpu.inp,exact
shared-gapw-ae,f1adf6178a9f4598a711045555ede9b92ad6fc80,-304.033019580107350,-0.00882969112033,-3.7880182094534248E+01,3.9999980246577259E+01,53,rosi,495717,2026-08-25T13:25:38+02:00,production-default,1:23:28,58481832,4373c406cb35a167d5255fbce85ed1f6568063de2d55cdb7efa83fdeb7007e2e,benchmarks/dietGMTKN55/production-p25/accepted-inputs/shared-gapw-ae/f1adf6178a9f4598a711045555ede9b92ad6fc80/input.cpu.inp,exact
shared-gapw-ae,f1c595ed08dec73d952feb2b47461aa6e6d8d178,-651.144173399504325,-0.04129527029055,-8.5977763872247507E+01,9.5999985482175035E+01,133,rosi,497005,2026-08-26T05:10:06+02:00,production-default,8:32:44,78720768,72b0445034fafbb0b6a2c7d74c30f860786336ad87fe9446f839e9cf385f6a7a,benchmarks/dietGMTKN55/production-p25/accepted-inputs/shared-gapw-ae/f1c595ed08dec73d952feb2b47461aa6e6d8d178/input.cpu.inp,exact
shared-gapw-ae,f29618c64b37a8913111ec044fb79f7cd353e07e,-920.375685309410301,-0.00205406118189,-5.6458809662768289E+01,3.3999999009967937E+01,89,rosi,494450,2026-08-25T03:16:32+02:00,production-default,1:15:19,43874272,a23dadad9508b979dab4e52681e40adf05e468c01f8bed4615a897bc5c9c0f07,benchmarks/dietGMTKN55/production-p25/accepted-inputs/shared-gapw-ae/f29618c64b37a8913111ec044fb79f7cd353e07e/input.cpu.inp,exact
shared-gapw-ae,f387960cd95b83684a1d120457d607fabc843870,-197.743663367476273,-0.02002912151326,-3.1610458484099226E+01,4.1999967723933047E+01,44,rosi,496926,2026-08-26T02:54:38+02:00,production-default,1:53:08,67956756,2f2b02e97a6fcee024efde45bec3ab4ac452ff744c711e556ad2497240acae99,benchmarks/dietGMTKN55/production-p25/accepted-inputs/shared-gapw-ae/f387960cd95b83684a1d120457d607fabc843870/input.cpu.inp,exact
shared-gapw-ae,f3998cad94adf5dd75c6e5e793ee0ac7914e9b9c,-578.741358184824890,-0.06194978616660,-8.5842939746434652E+01,1.0200001184871272E+02,4,rosi,497011,2026-08-26T05:54:11+02:00,production-default,12:40:14,87071176,23f4b68308dfec7d0a18a9edcf31a426e72692793927f669486d7a1376f53f2b,benchmarks/dietGMTKN55/production-p25/accepted-inputs/shared-gapw-ae/f3998cad94adf5dd75c6e5e793ee0ac7914e9b9c/input.cpu.inp,exact
shared-gapw-ae,f40696896801f4b15dc671a91955fe5de607d829,-568.229047686256990,-0.02741956228873,-7.4073296881679909E+01,7.7999964410065843E+01,10,rosi,496401,2026-08-25T17:59:39+02:00,production-default,9:23:29,65103504,f4e73443e7451922e08038c6418a75c319c2644c986950d823ce40c8d22dffc8,benchmarks/dietGMTKN55/production-p25/accepted-inputs/shared-gapw-ae/f40696896801f4b15dc671a91955fe5de607d829/input.cpu.inp,exact
shared-gapw-ae,f539e6c9a52a881fdd9cc6018b7b03df2f6d56e3,-56.557698222745429,-0.00121964486072,-7.9983243279821981E+00,9.9999959078075609E+00,14,rosi,494536,2026-08-25T07:03:22+02:00,production-default,15:20.58,51353724,8d39ede08f24e0355482a077ebf25ee1d956bab6dce8985b13ea4beced884959,benchmarks/dietGMTKN55/production-p25/accepted-inputs/shared-gapw-ae/f539e6c9a52a881fdd9cc6018b7b03df2f6d56e3/input.cpu.inp,exact
shared-gapw-ae,f6b39f475871022c2c55f1b0925efb6323574104,-2577.294281346040862,-0.00068511796971,-9.4331008643736880E+01,3.5999980714048739E+01,82,rosi,494478,2026-08-25T04:11:14+02:00,production-default,56:55.54,43737212,9a626261bf60e7b32457558c41b1b87d781f42e735a9bde78a5d1f0c40fe764e,benchmarks/dietGMTKN55/production-p25/accepted-inputs/shared-gapw-ae/f6b39f475871022c2c55f1b0925efb6323574104/input.cpu.inp,exact
shared-gapw-ae,f8060f0d3916b0225e52f85ab2a76ad4bf7bcad5,-155.947294316798292,-0.01098933662960,-2.3872247995366088E+01,2.9999980591447105E+01,71,rosi,495949,2026-08-25T14:31:13+02:00,production-default,1:58:42,58030876,f479b5c4df0bc4de21fcc0d39c12da2533067f9fff19a81399cceeb646740775,benchmarks/dietGMTKN55/production-p25/accepted-inputs/shared-gapw-ae/f8060f0d3916b0225e52f85ab2a76ad4bf7bcad5/input.cpu.inp,exact
shared-gapw-ae,f8f2560bccbc0c94912b83fb05b07a27c4587ded,-311.364033658135497,-0.00453692922736,-3.6004667311082514E+01,3.5999993833286887E+01,83,rosi,495053,2026-08-25T12:22:19+02:00,production-default,2:05:19,62581528,bbfb839e9545970280080ea5ee5c9c55599b29eb9c985ddbbf92813b11ca7763,benchmarks/dietGMTKN55/production-p25/accepted-inputs/shared-gapw-ae/f8f2560bccbc0c94912b83fb05b07a27c4587ded/input.cpu.inp,exact
shared-gapw-ae,fa8d7862859673d50baebca5ed2ed6b199ee4452,-1917.233731922413426,-0.01889001342036,-1.2390205540195905E+02,7.9999994015759071E+01,5,rosi,494915,2026-08-25T11:19:44+02:00,production-default,5:31:31,58656984,f04612c93d92ab19aaf0a52971426050874a6dd57a16abe44180fd139326e4f5,benchmarks/dietGMTKN55/production-p25/accepted-inputs/shared-gapw-ae/fa8d7862859673d50baebca5ed2ed6b199ee4452/input.cpu.inp,exact
shared-gapw-ae,faf14c62104664adda7193cfdd9845b92f0fcc04,-40.508576390517845,-0.00191436094006,-6.8894096249810435E+00,9.9999987318274766E+00,21,rosi,494553,2026-08-25T08:03:02+02:00,production-default,23:33.33,55458416,5252258fc2fc1da1e76c75e881bbca325556fc7827fd1d7374ece9a8a28f44ff,benchmarks/dietGMTKN55/production-p25/accepted-inputs/shared-gapw-ae/faf14c62104664adda7193cfdd9845b92f0fcc04/input.cpu.inp,exact
shared-gapw-ae,fb3d986fc33651bbe6a902ea30a160fa670266eb,-802.881782829048575,-0.07281167424605,-1.1409125216832929E+02,1.2999993154645671E+02,8,rosi,497025,2026-08-26T06:50:47+02:00,production-default,17:51:27,81101312,33e861e44ac026a9b4c3660586e0ed40c03260e617131d78ef6cc2b26b986c70,benchmarks/dietGMTKN55/production-p25/accepted-inputs/shared-gapw-ae/fb3d986fc33651bbe6a902ea30a160fa670266eb/input.cpu.inp,exact
shared-gapw-ae,fc7b7a815ecba9239a59df1bafebb4a71091693e,-367.013265184570685,-0.00354604928336,-3.0873690730292118E+01,2.5999981000988040E+01,149,rosi,494599,2026-08-25T09:23:44+02:00,production-default,3:20:33,62579312,577ca341f11198f1b0771d8172c20a39d2c6d60761e9d4e88cc5a1704e021d99,benchmarks/dietGMTKN55/production-p25/accepted-inputs/shared-gapw-ae/fc7b7a815ecba9239a59df1bafebb4a71091693e/input.cpu.inp,exact
shared-gapw-ae,ff65e525b750e13bf9ea5186a2a4dfd6ffcd8472,-208.746162382195706,-0.00592660400069,-2.5545892015631431E+01,2.7999987522614507E+01,61,rosi,495733,2026-08-25T13:40:45+02:00,production-default,1:37:03,63529696,9086ac74a379da45f2d92a89952a6ea633a0eb05e5da210a3359aea7271ab388,benchmarks/dietGMTKN55/production-p25/accepted-inputs/shared-gapw-ae/ff65e525b750e13bf9ea5186a2a4dfd6ffcd8472/input.cpu.inp,exact
